purchase_order_id,supplier_id,sku,qty_ordered,order_date,expected_delivery_date,delivery_status
PO000001,SUP028,ITM00166,540,24-07-2023,16-08-2023,Cancelled
PO000002,SUP030,PRO00115,71,05-04-2025,11-04-2025,Cancelled
PO000003,SUP002,PRO00161,387,24-01-2025,12-03-2025,In Transit
PO000004,SUP020,PROD00117,74,24-03-2024,27-04-2024,
PO000005,SUP023,PRO00109,251,03-11-2024,11-11-2024,Pending
PO000006,SUP025,PROD00123,148,05-09-2024,16-09-2024,Pending
PO000007,SUP027,SKU00138,178,30-12-2024,16-01-2025,Pending
PO000008,SUP029,ITM00172,186,21-07-2024,25-08-2024,Pending
PO000009,SUP001,SKU00069,225,20-02-2023,07-04-2023,Delivered
PO000010,SUP013,ITM00091,239,26-10-2023,06-12-2023,Cancelled
PO000011,SUP022,ITM00135,515,20-06-2025,09-07-2025,Delayed
PO000012,SUP010,PRO00097,516,18-04-2024,27-04-2024,Cancelled
PO000013,SUP025,PROD00102,111,29-09-2024,09-10-2024,Cancelled
PO000014,SUP027,SKU00181,348,01-03-2023,19-04-2023,Delivered
PO000015,SUP016,SKU00194,196,06-12-2024,12-12-2024,Delayed
PO000016,SUP027,PROD00059,247,06-08-2024,25-08-2024,Delayed
PO000017,SUP006,PRO00151,273,08-08-2025,23-09-2025,Pending
PO000018,SUP013,ITM00040,180,17-02-2024,11-03-2024,Delayed
PO000019,SUP028,ITM00036,127,14-02-2023,23-03-2023,Pending
PO000020,SUP030,PROD00178,287,25-08-2023,30-09-2023,In Transit
PO000021,SUP026,PRO00007,112,12-06-2025,28-06-2025,Delayed
PO000022,SUP030,SKU00101,116,27-01-2024,15-03-2024,Cancelled
PO000023,SUP001,SKU00054,409,01-06-2023,07-06-2023,In Transit
PO000024,SUP006,PROD00132,261,08-06-2025,10-07-2025,Cancelled
PO000025,SUP020,PRO00022,117,26-10-2023,17-11-2023,Pending
PO000026,SUP001,PROD00145,350,29-09-2024,14-11-2024,Delayed
PO000027,SUP004,ITM00166,,01-09-2025,17-10-2025,Delayed
PO000028,SUP029,PRO00148,458,21-11-2023,13-12-2023,In Transit
PO000029,SUP012,PROD00075,359,03-12-2023,08-12-2023,In Transit
PO000030,SUP009,PROD00045,145,19-07-2025,17-08-2025,Cancelled
PO000031,SUP014,SKU00101,361,26-09-2023,04-11-2023,In Transit
PO000032,SUP020,PROD00184,52,24-01-2025,09-02-2025,Delayed
PO000033,SUP003,SKU00067,183,13-07-2023,04-08-2023,Pending
PO000034,SUP024,PROD00045,495,27-03-2023,10-05-2023,In Transit
PO000035,SUP028,ITM00021,412,21-04-2024,02-05-2024,Delayed
PO000036,SUP019,PRO00007,56,14-08-2024,03-10-2024,Pending
PO000037,SUP027,PROD00059,438,16-02-2023,17-03-2023,Pending
PO000038,SUP002,ITM00200,368,28-08-2023,02-10-2023,Pending
PO000039,SUP014,PROD00102,374,24-08-2025,11-10-2025,Pending
PO000040,SUP026,SKU00141,538,29-09-2025,25-10-2025,Pending
PO000041,SUP008,ITM00176,315,08-03-2024,23-03-2024, In Transit
PO000042,SUP011,PRO00133,270,19-06-2025,30-07-2025,Delayed
PO000043,SUP028,PRO00198,85,28-02-2023,20-03-2023,Delivered
PO000044,SUP025,PROD00075,423,20-08-2025,25-08-2025,In Transit
PO000045,SUP028,PRO00060,537,17-10-2023,22-11-2023,Delayed
PO000046,SUP021,PROD00080,206,19-06-2023,24-06-2023,Delayed
PO000047,SUP022,PROD00008,294,28-01-2024,21-02-2024,Pending
PO000048,SUP029,ITM00001,81,01-12-2024,29-12-2024,Pending
PO000049,SUP027,PROD00080,285,27-07-2025,13-08-2025,Delivered
PO000050,SUP029,ITM00110,436,07-03-2023,21-04-2023,In Transit
PO000051,SUP028,PROD00165,516,17-05-2025,25-06-2025,In Transit
PO000052,SUP005,PROD00160,162,27-04-2023,06-06-2023,In Transit
PO000053,SUP020,SKU00020,230,24-05-2024,11-06-2024,Delivered
PO000054,SUP028,SKU00069,75,02-03-2024,07-04-2024,Delayed
PO000055,SUP016,PRO00047,287,24-09-2024,31-10-2024,Delayed
PO000056,SUP025,PROD00049,539,25-01-2023,01-02-2023,Delivered 
PO000057,SUP020,SKU00088,302,24-02-2023,11-03-2023,In Transit 
PO000058,SUP004,ITM00033,413,01-03-2025,13-04-2025,In Transit
PO000059,SUP018,SKU00154,269,06-12-2023,26-12-2023,Pending
PO000060,SUP024,PROD00051,294,11-05-2023,27-05-2023,Pending
PO000061,SUP001,PRO00151,158,19-06-2023,05-07-2023,Pending
PO000062,SUP015,PROD00090,99,15-07-2023,26-07-2023,Cancelled
PO000063,SUP027,PROD00016,84,04-09-2023,12-09-2023,In Transit
PO000064,SUP020,PRO00042,267,15-11-2023,30-11-2023,Cancelled
PO000065,SUP021,SKU00046,320,13-05-2023,21-05-2023,Pending
PO000066,SUP016,PRO00022,319,21-03-2025,10-04-2025,Delayed
PO000067,SUP015,SKU00190,511,21-01-2025,21-02-2025,Delayed
PO000068,SUP020,PRO00156,480,25-03-2023,04-04-2023,Delivered
PO000069,SUP002,PROD00102,453,06-08-2024,16-09-2024,Delivered
PO000070,SUP025,ITM00134,348,31-07-2024,08-09-2024,
PO000071,SUP013,PRO00092,74,27-01-2025,03-03-2025,In Transit
PO000072,SUP017,PROD00147,246,06-09-2024,22-09-2024,Delivered
PO000073,SUP028,SKU00083,500,17-01-2023,22-01-2023,Pending
PO000074,SUP003,PROD00177,258,21-03-2025,03-05-2025,In Transit
PO000075,SUP004,ITM00139,126,03-09-2025,24-03-2025,Delayed 
PO000076,SUP012,ITM00114,428,01-03-2023,22-03-2023,In Transit
PO000077,SUP007,ITM00166,98,07-06-2024,28-06-2024,In Transit
PO000078,SUP013,PRO00156,,07-06-2024,14-06-2024,Delivered
PO000079,SUP004,PRO00012,380,03-11-2023,08-12-2023,Delivered
PO000080,SUP003,PROD00084,449,13-12-2024,30-12-2024,In Transit
PO000081,SUP016,SKU00173,428,03-06-2024,25-06-2024,Delayed
PO000082,SUP016,PRO00195,429,06-03-2024,27-03-2024,Pending
PO000083,SUP006,ITM00036,371,06-08-2024,13-08-2024,Cancelled
PO000084,SUP019,SKU00190,67,07-02-2025,13-03-2025,Cancelled
PO000085,SUP024,ITM00105,86,12-01-2024,02-02-2024,Delayed
PO000086,SUP020,PRO00119,187,,02-11-2025,Delayed
PO000087,SUP022,PROD00153,439,28-12-2024,16-02-2025,Cancelled
PO000088,SUP029,PRO00037,484,24-10-2024,13-12-2024,Pending
PO000089,SUP027,PROD00136,473,22-11-2024,14-12-2024,Pending
PO000090,SUP018,SKU00098,415,25-09-2023,15-10-2023,Pending
PO000091,SUP023,PROD00044,422,10-02-2025,26-03-2025,Delayed
PO000092,SUP005,PRO00014,60,13-09-2023,23-10-2023,In Transit
PO000093,SUP009,PRO00183,149,11-12-2023,02-01-2024,Cancelled
PO000094,SUP012,PROD00062,387,14-11-2023,23-11-2023,Delayed
PO000095,SUP020,SKU00124,490,06-07-2023,11-07-2023,Pending
PO000096,SUP005,PRO00022,322,13-05-2025,25-05-2025,Pending
PO000097,SUP030,SKU00159,463,,17-02-2024,Delayed
PO000098,SUP026,SKU00009,183,10-12-2024,26-12-2024,Delivered
PO000099,SUP007,PRO00131,531,29-10-2024,09-12-2024,Pending
PO000100,SUP030,ITM00096,452,30-01-2025,21-02-2025,Delayed
PO000101,SUP007,PROD00056,209,05-02-2024,16-02-2024,Cancelled
PO000102,SUP028,ITM00105,220,30-06-2023,15-07-2023,Cancelled
PO000103,SUP002,PROD00184,385,04-08-2023,08-09-2023,Delivered
PO000104,SUP010,SKU00152,114,10-03-2023,09-04-2023, In Transit
PO000105,SUP012,PROD00178,237,03-03-2023,11-03-2023,Delayed
PO000106,SUP011,PRO00014,419,11-03-2025,31-03-2025,
PO000107,SUP003,PRO00133,51,29-11-2024,25-12-2024,Pending
PO000108,SUP018,ITM00065,401,25-01-2025,21-02-2025,Delivered
PO000109,SUP001,SKU00035,233,10-03-2023,24-03-2023,Cancelled
PO000110,SUP019,ITM00021,150,23-02-2025,10-03-2025,Delayed
PO000111,SUP003,ITM00077,51,15-06-2025,22-07-2025,Delivered
PO000112,SUP016,PROD00073,334,03-12-2024,09-12-2024,In Transit
PO000113,SUP026,PRO00155,435,29-08-2023,29-09-2023,In Transit
PO000114,SUP010,PROD00191,61,26-12-2024,14-02-2025,In Transit
PO000115,SUP023,PRO00012,309,25-02-2023,08-03-2023,Cancelled
PO000116,SUP028,PROD00182,,,20-09-2025,In Transit
PO000117,SUP002,SKU00026,434,23-05-2024,29-05-2024,Delayed
PO000118,SUP012,ITM00077,99,09-07-2025,28-07-2025,In Transit
PO000119,SUP025,PROD00129,255,27-01-2023,06-03-2023,In Transit
PO000120,SUP009,SKU00159,516,11-09-2023,23-10-2023,Pending
PO000121,SUP026,PROD00168,388,22-09-2024,18-10-2024,In Transit
PO000122,SUP027,PROD00008,475,14-02-2025,27-03-2025,Cancelled
PO000123,SUP011,PROD00084,244,14-09-2025,20-10-2025,In Transit
PO000124,SUP019,PRO00060,141,25-02-2024,11-03-2024,Cancelled 
PO000125,SUP010,PRO00155,72,23-11-2024,25-12-2024,Delivered
PO000126,SUP028,ITM00139,298,09-03-2024,05-04-2024,In Transit
PO000127,SUP013,ITM00040,463,19-02-2024,31-03-2024,In Transit
PO000128,SUP012,ITM00127,179,,08-04-2025,Pending
PO000129,SUP005,ITM00036,469,26-06-2025,28-07-2025,In Transit
PO000130,SUP008,PRO00028,348,30-01-2023,04-02-2023,Cancelled
PO000131,SUP006,PROD00149,421,30-01-2025,18-03-2025,Cancelled
PO000132,SUP030,PRO00010,188,23-01-2023,01-03-2023,Cancelled
PO000133,SUP027,PROD00016,416,11-12-2023,16-12-2023,Pending
PO000134,SUP027,PROD00123,352,10-02-2025,27-02-2025,Delayed
PO000135,SUP009,PRO00162,536,19-09-2024,27-10-2024,Delivered
PO000136,SUP018,PRO00053,189,16-09-2024,03-10-2024,Delivered
PO000137,SUP017,PRO00007,454,21-05-2025,10-07-2025,In Transit
PO000138,SUP011,SKU00186,172,11-09-2025,21-09-2025,Cancelled
PO000139,SUP028,ITM00033,368,27-03-2024,05-04-2024,In Transit
PO000140,SUP024,PRO00078,508,,09-02-2025,Cancelled
PO000141,SUP020,PROD00059,533,16-03-2024,22-04-2024,Cancelled
PO000142,SUP011,ITM00172,344,30-07-2025,18-09-2025,Pending
PO000143,SUP029,PRO00068,82,17-02-2024,19-03-2024,Delayed
PO000144,SUP024,PROD00153,349,15-04-2025,22-05-2025,Delivered
PO000145,SUP030,PRO00087,122,07-07-2023,21-07-2023,Delayed
PO000146,SUP030,ITM00134,221,23-04-2024,01-06-2024,In Transit
PO000147,SUP013,SKU00154,509,14-07-2023,12-08-2023,Delivered
PO000148,SUP015,SKU00188,238,29-04-2023,06-04-2023,Delayed
PO000149,SUP008,PRO00078,440,10-03-2024,23-04-2024,In Transit
PO000150,SUP025,ITM00114,371,21-08-2024,27-09-2024,In Transit
PO000151,SUP025,ITM00065,476,08-02-2025,18-02-2025,Pending
PO000152,SUP020,ITM00040,160,02-04-2025,21-04-2025,Delayed
PO000153,SUP009,SKU00020,369,16-07-2024,30-07-2024,Pending
PO000154,SUP026,PROD00129,70,22-07-2024,03-09-2024,In Transit
PO000155,SUP005,SKU00094,191,17-06-2025,03-07-2025,Delayed
PO000156,SUP030,PROD00090,371,02-12-2023,24-12-2023,Delayed
PO000157,SUP006,ITM00058,,05-05-2025,30-05-2025,In Transit
PO000158,SUP015,PRO00198,458,03-09-2025,11-04-2025,In Transit
PO000159,SUP005,PRO00155,148,,15-03-2025,Cancelled
PO000160,SUP020,ITM00111,537,21-09-2025,10-10-2025,Delayed
PO000161,SUP004,PRO00148,153,25-09-2023,07-10-2023,Pending
PO000162,SUP020,SKU00046,65,24-06-2023,09-08-2023,In Transit
PO000163,SUP016,PROD00145,480,04-05-2024,29-05-2024,Delivered
PO000164,SUP026,ITM00091,165,03-06-2024,08-07-2024,Delivered
PO000165,SUP026,ITM00134,172,10-06-2024,22-06-2024,Pending
PO000166,SUP023,PRO00193,347,07-10-2024,10-11-2024,Delivered
PO000167,SUP027,SKU00072,288,19-05-2023,03-06-2023,Pending
PO000168,SUP019,ITM00189,462,24-07-2023,02-09-2023,In Transit
PO000169,SUP018,PRO00087,394,16-02-2024,29-03-2024,In Transit
PO000170,SUP007,PRO00087,250,14-01-2024,02-03-2024,Delayed
PO000171,SUP003,PRO00161,133,28-01-2025,09-03-2025,Pending
PO000172,SUP023,PROD00145,427,12-12-2024,25-12-2024,Pending
PO000173,SUP013,PROD00016,57,16-05-2023,27-05-2023,Delayed
PO000174,SUP028,PRO00014,514,19-11-2024,25-11-2024,Pending
PO000175,SUP009,SKU00118,374,12-02-2023,10-03-2023,Pending
PO000176,SUP013,SKU00086,121,09-11-2024,16-11-2024,Pending
PO000177,SUP017,PROD00004,503,03-05-2025,26-05-2025,Delivered
PO000178,SUP028,PROD00048,435,06-04-2023,17-04-2023,Cancelled
PO000179,SUP010,SKU00101,277,14-07-2023,07-08-2023,Delivered
PO000180,SUP023,PRO00028,132,10-12-2024,03-01-2025,Delayed
PO000181,SUP001,PRO00146,291,29-06-2024,02-08-2024,In Transit
PO000182,SUP001,PRO00014,207,14-07-2024,26-07-2024,Cancelled
PO000183,SUP002,SKU00046,380,,16-07-2023,Delayed
PO000184,SUP021,PRO00092,96,10-04-2023,26-04-2023,Pending
PO000185,SUP019,PROD00149,418,27-09-2023,29-10-2023,Pending
PO000186,SUP007,PROD00178,166,20-07-2025,01-08-2025,Delayed
PO000187,SUP022,ITM00040,439,20-07-2025,30-08-2025,In Transit
PO000188,SUP006,PROD00187,98,,02-03-2024,Delivered
PO000189,SUP021,PRO00195,339,09/25/2025,31-10-2025,Delivered
PO000190,SUP011,PRO00162,148,11-07-2025,24-08-2025, Delivered
PO000191,SUP018,ITM00071,493,25-07-2024,18-08-2024,In Transit
PO000192,SUP017,SKU00054,479,09-02-2024,05-03-2024,
PO000193,SUP017,PRO00012,183,22-09-2023,05-11-2023,Pending
PO000194,SUP013,PROD00006,308,07-05-2024,26-06-2024,Delivered
PO000195,SUP028,ITM00172,68,28-12-2023,04-02-2024,Delivered
PO000196,SUP017,PROD00080,476,18-03-2025,18-04-2025,Delivered
PO000197,SUP012,PRO00078,273,22-01-2024,23-02-2024,Cancelled
PO000198,SUP015,SKU00197,141,20-09-2024,11-10-2024,In Transit
PO000199,SUP003,PROD00182,153,08-06-2024,28-07-2024, Pending
PO000200,SUP026,ITM00025,393,05-01-2025,13-01-2025,Pending
PO000201,SUP001,PROD00171,63,25-02-2024,07-04-2024,Pending
PO000202,SUP005,PRO00092,468,29-06-2024,05-08-2024,In Transit
PO000203,SUP014,PROD00062,187,07-07-2025,24-07-2025,In Transit
PO000204,SUP013,SKU00035,128,17-03-2025,05-05-2025,Delivered
PO000205,SUP017,SKU00083,348,10-06-2024,19-06-2024,In Transit
PO000206,SUP002,PRO00005,319,01-02-2024,19-03-2024,Cancelled
PO000207,SUP030,PROD00045,123,21-05-2024,07-07-2024,Delayed
PO000208,SUP027,SKU00143,340,22-03-2024,30-04-2024,Delivered
PO000209,SUP004,PROD00107,294,03-10-2024,11-10-2024,Delivered
PO000210,SUP020,PROD00090,144,09-03-2023,11-04-2023,Delivered
PO000211,SUP019,SKU00094,458,09-02-2025,01-03-2025,Pending
PO000212,SUP019,SKU00141,359,14-02-2023,15-03-2023,Delayed
PO000213,SUP022,PROD00045,61,25-03-2023,30-03-2023,Delayed
PO000214,SUP023,PROD00177,469,29-04-2023,06-05-2023,Delivered
PO000215,SUP021,SKU00138,437,11-10-2023,16-10-2023,Delayed
PO000216,SUP003,SKU00179,244,03-05-2023,11-06-2023,Pending
PO000217,SUP016,PRO00010,442,02-08-2023,01-09-2023,Pending
PO000218,SUP026,SKU00031,473,26-08-2025,12-09-2025,Cancelled
PO000219,SUP003,ITM00111,285,26-08-2023,10-10-2023,Pending
PO000220,SUP003,PRO00053,456,02-04-2025,21-05-2025,In Transit
PO000221,SUP027,PROD00187,298,27-07-2025,16-08-2025,Cancelled
PO000222,SUP011,PROD00090,239,13-08-2023,21-08-2023,Pending
PO000223,SUP012,PROD00199,191,20-06-2024,31-07-2024,Pending
PO000224,SUP023,PROD00165,346,27-05-2023,15-07-2023,Pending
PO000225,SUP014,SKU00101,524,03-09-2025,05-10-2025,Cancelled
PO000226,SUP018,SKU00082,55,10-01-2024,02-02-2024,Pending
PO000227,SUP022,PROD00056,524,02-01-2023,16-01-2023,Delayed
PO000228,SUP018,PRO00198,383,31-12-2023,07-01-2024,Cancelled
PO000229,SUP005,PRO00146,304,02-08-2023,27-08-2023,In Transit
PO000230,SUP022,ITM00033,442,15-10-2024,29-10-2024,
PO000231,SUP001,SKU00103,203,16-08-2024,23-08-2024,Cancelled
PO000232,SUP007,SKU00190,502,31-12-2024,21-01-2025,Delivered
PO000233,SUP001,PROD00191,131,29-01-2025,11-03-2025,Delivered
PO000234,SUP004,PRO00066,389,09-01-2024,11-02-2024,Delivered
PO000235,SUP015,PRO00150,388,09-01-2024,21-02-2024,Pending
PO000236,SUP001,PROD00062,140,02-12-2023,03-01-2024,Delivered
PO000237,SUP009,ITM00139,523,02-11-2023,25-11-2023,
PO000238,SUP007,SKU00196,432,,11-11-2024,Pending
PO000239,SUP023,SKU00093,151,27-03-2024,01-05-2024,Cancelled
PO000240,SUP001,PROD00167,130,05-05-2024,16-06-2024,In Transit
PO000241,SUP027,ITM00021,103,24-08-2023,06-09-2023,Delayed
PO000242,SUP009,PROD00051,99,25-03-2023,04/25/2023,Delivered
PO000243,SUP024,PRO00131,107,20-07-2023,25-07-2023,In Transit
PO000244,SUP008,SKU00009,225,29-07-2024,10-09-2024,Cancelled
PO000245,SUP009,ITM00011,311,09-04-2023,26-05-2023,In Transit
PO000246,SUP020,SKU00197,498,30-01-2025,17-02-2025,Delayed
PO000247,SUP022,PRO00131,415,25-08-2024,09-09-2024,Cancelled
PO000248,SUP026,PRO00161,55,31-05-2025,23-06-2025,Delayed
PO000249,SUP014,ITM00176,50,12-07-2024,13-08-2024,Delivered
PO000250,SUP006,PROD00132,242,21-01-2025,26-01-2025,Cancelled
PO000251,SUP010,PROD00177,543,16-02-2024,14-03-2024,Delayed
PO000252,SUP010,PRO00039,200,,25-09-2023,Delayed
PO000253,SUP017,PROD00136,110,01-06-2023,07-07-2023,In Transit
PO000254,SUP013,PRO00027,62,21-03-2023,22-04-2023,In Transit
PO000255,SUP007,PROD00164,138,22-07-2023,24-08-2023,Cancelled
PO000256,SUP012,SKU00138,62,24-07-2023,19-08-2023,Delivered
PO000257,SUP008,ITM00065,529,03-03-2023,23-03-2023,Delivered
PO000258,SUP005,PRO00131,188,30-09-2023,04-11-2023,In Transit
PO000259,SUP014,PRO00151,518,29-12-2024,30-01-2025,Delayed
PO000260,SUP011,ITM00077,403,22-02-2024,04-03-2024,In Transit
PO000261,SUP010,ITM00070,118,18-09-2025,16-10-2025,In Transit
PO000262,SUP021,ITM00040,215,25-12-2023,15-01-2024,Delivered
PO000263,SUP018,PROD00160,411,15-03-2024,23-03-2024,In Transit
PO000264,SUP017,PROD00106,284,11-04-2024,11-05-2024,In Transit
PO000265,SUP006,SKU00141,352,19-07-2023,29-08-2023,Cancelled
PO000266,SUP007,SKU00138,510,,30-06-2025,Pending
PO000267,SUP030,PROD00168,535,07-08-2024,03-09-2024,Cancelled
PO000268,SUP007,ITM00001,,01-08-2025,22-08-2025,Delivered
PO000269,SUP012,PRO00151,397,22-05-2023,11-07-2023,Delayed
PO000270,SUP010,ITM00043,545,14-02-2025,19-02-2025,Pending
PO000271,SUP009,ITM00114,469,22-07-2023,02-09-2023,Delivered
PO000272,SUP005,ITM00025,375,07-10-2024,26-11-2024,Delivered
PO000273,SUP012,PROD00090,356,29-09-2025,14-10-2025,Delayed
PO000274,SUP004,PROD00185,332,13-08-2024,30-08-2024, Delivered 
PO000275,SUP010,PRO00037,55,24-02-2025,02-04-2025,In Transit
PO000276,SUP027,SKU00181,396,16-04-2024,12-05-2024,Delayed
PO000277,SUP017,PROD00006,52,08-05-2024,29-05-2024,Delivered
PO000278,SUP002,PRO00007,270,30-09-2023,10-11-2023,Delayed
PO000279,SUP003,ITM00112,,18-08-2024,24-08-2024,
PO000280,SUP002,ITM00139,272,07-01-2023,09-02-2023,In Transit
PO000281,SUP016,PRO00032,171,08-03-2023,26-03-2023,Delayed
PO000282,SUP007,PRO00155,546,14-03-2023,22-04-2023,Cancelled
PO000283,SUP003,PRO00104,88,11-06-2023,03-07-2023,Delivered
PO000284,SUP026,PRO00005,334,09-04-2025,29-05-2025,Delayed
PO000285,SUP020,SKU00159,106,22-08-2025,29-09-2025,In Transit
PO000286,SUP022,ITM00033,109,05-04-2024,20-06-2024,Cancelled
PO000287,SUP030,SKU00057,499,30-10-2024,19-11-2024,Pending
PO000288,SUP024,PRO00052,358,07-01-2023,23-01-2023,Delayed
PO000289,SUP005,ITM00036,521,10-03-2023,29-04-2023,Delivered
PO000290,SUP013,ITM00071,335,13-07-2024,23-08-2024,Pending
PO000291,SUP028,SKU00159,251,20-09-2025,10-10-2025,Cancelled
PO000292,SUP030,PRO00180,139,01-01-2024,10-01-2024,Delivered
PO000293,SUP001,PROD00084,339,23-06-2023,05-07-2023,In Transit
PO000294,SUP021,SKU00120,138,06-03-2024,14-04-2024,Delayed
PO000295,SUP006,SKU00142,74,03-05-2025,22-06-2025,Pending
PO000296,SUP029,PROD00129,339,26-04-2024,07-06-2024,Cancelled 
PO000297,SUP018,SKU00181,478,04-12-2023,11-12-2023,Cancelled
PO000298,SUP015,SKU00067,76,18-09-2024,01-11-2024,Delivered
PO000299,SUP019,SKU00152,116,02-01-2025,19-01-2025,Pending
PO000300,SUP022,PRO00144,69,13-10-2023,09-11-2023,Delivered
PO000301,SUP030,SKU00082,153,09-01-2024,20-01-2024,Pending 
PO000302,SUP001,SKU00154,316,24-05-2025,14-06-2025,Delayed
PO000303,SUP013,PRO00068,244,17-03-2025,31-03-2025,Cancelled
PO000304,SUP019,PRO00133,295,04-04-2025,16-05-2025,Delivered
PO000305,SUP002,SKU00124,407,14-07-2025,27-07-2025,Delivered
PO000306,SUP015,PROD00084,546,25-07-2023,06-09-2023,Pending
PO000307,SUP027,PRO00157,282,08-04-2024,22-05-2024,In Transit
PO000308,SUP017,PROD00187,99,26-04-2025,26-05-2025,In Transit
PO000309,SUP004,SKU00143,421,19-10-2024,17-11-2024,
PO000310,SUP021,PROD00073,440,14-10-2023,28-11-2023,Pending
PO000311,SUP004,SKU00035,218,26-02-2024,30-03-2024,Delayed
PO000312,SUP021,SKU00190,453,06-12-2024,04-01-2025,Pending
PO000313,SUP016,PROD00080,403,02-05-2024,14-05-2024,Cancelled
PO000314,SUP027,ITM00166,128,23-02-2024,20-03-2024, Cancelled 
PO000315,SUP019,PROD00178,449,09-10-2024,01-11-2024,In Transit
PO000316,SUP021,PROD00102,404,29-01-2023,14-02-2023,In Transit
PO000317,SUP008,SKU00094,188,12-01-2023,04-02-2023,Pending
PO000318,SUP025,SKU00083,283,13-09-2024,07-10-2024,Cancelled
PO000319,SUP013,SKU00179,470,28-03-2023,08-04-2023,Delivered
PO000320,SUP020,PROD00008,550,16-03-2024,27-03-2024,Pending
PO000321,SUP028,PROD00185,286,09-04-2025,22-05-2025,Cancelled
PO000322,SUP024,ITM00128,313,04-05-2025,17-06-2025,Pending
PO000323,SUP015,ITM00021,87,10-08-2024,29-08-2024,In Transit
PO000324,SUP026,PROD00165,405,06-09-2023,30-09-2023,Cancelled
PO000325,SUP012,SKU00141,166,07-01-2025,12-01-2025,In Transit
PO000326,SUP021,PRO00092,283,06-05-2024,25-05-2024,Pending
PO000327,SUP017,PRO00052,534,30-08-2024,12-09-2024,Cancelled
PO000328,SUP030,PRO00156,523,04-06-2025,24-04-2025,Cancelled
PO000329,SUP023,SKU00138,465,30-07-2024,20-08-2024,Cancelled
PO000330,SUP021,ITM00034,,10-11-2023,30-11-2023,Delayed
PO000331,SUP004,ITM00112,200,07-01-2025,19-01-2025,Delivered
PO000332,SUP025,PROD00185,526,16-08-2025,05-10-2025,Delivered
PO000333,SUP006,SKU00142,532,15-01-2023,24-02-2023,Pending
PO000334,SUP002,PRO00017,325,09-07-2024,26-08-2024,Pending
PO000335,SUP026,SKU00083,90,06-06-2024,18-06-2024,Delayed
PO000336,SUP015,PRO00195,174,03-05-2024,21-05-2024,Delivered
PO000337,SUP014,ITM00023,158,19-01-2024,12-02-2024,Delayed
PO000338,SUP027,ITM00176,242,05-01-2025,26-01-2025,Delivered
PO000339,SUP015,ITM00110,399,24-09-2023,09-11-2023,Cancelled
PO000340,SUP010,ITM00200,327,01-09-2025,09-09-2025,Delivered
PO000341,SUP004,PROD00121,67,31-12-2024,15-02-2025,In Transit
PO000342,SUP030,SKU00140,259,15-12-2023,30-01-2024,Delivered
PO000343,SUP003,PROD00049,287,24-01-2023,23-02-2023,Cancelled
PO000344,SUP021,ITM00200,167,01-05-2023,22-05-2023,Cancelled
PO000345,SUP019,PROD00075,377,20-08-2023,10-09-2023,Delivered
PO000346,SUP005,PRO00038,495,08-11-2024,16-12-2024,Delivered
PO000347,SUP016,PRO00193,165,14-01-2025,15-02-2025,Cancelled
PO000348,SUP016,SKU00169,398,15-05-2023,26-05-2023,In Transit
PO000349,SUP004,PRO00066,176,18-04-2023,30-05-2023,In Transit
PO000350,SUP009,PRO00037,274,07-02-2025,07-03-2025,Cancelled
PO000351,SUP001,PRO00137,120,31-08-2024,17-10-2024,In Transit
PO000352,SUP022,ITM00077,241,25-03-2023,09-04-2023,Delayed
PO000353,SUP024,PRO00076,524,26-11-2024,11-12-2024,Delayed
PO000354,SUP012,SKU00067,490,13-02-2025,09-03-2025,Delayed
PO000355,SUP012,PROD00044,219,15-12-2024,30-01-2025,In Transit
PO000356,SUP001,PRO00095,195,07-04-2023,05/19/2023,In Transit
PO000357,SUP006,ITM00091,151,25-04-2025,29-05-2025,In Transit
PO000358,SUP005,SKU00089,475,17-06-2025,17-07-2025,Cancelled
PO000359,SUP030,ITM00172,98,23-03-2024,03-05-2024,In Transit
PO000360,SUP001,PROD00165,180,17-06-2023,22-06-2023,Pending
PO000361,SUP004,PRO00100,174,03-08-2023,16-09-2023,In Transit
PO000362,SUP023,PRO00055,378,03-07-2023,09-08-2023,Cancelled
PO000363,SUP027,PROD00004,322,04-12-2023,13-01-2024,Cancelled
PO000364,SUP008,SKU00069,320,20-01-2023,26-01-2023,Delivered
PO000365,SUP005,PRO00039,492,20-11-2024,25-11-2024,Delayed
PO000366,SUP029,PROD00006,148,26-03-2024,14-05-2024,
PO000367,SUP004,ITM00023,526,18-07-2024,11-08-2024,Pending
PO000368,SUP013,PROD00073,66,02-08-2025,14-08-2025,Delayed
PO000369,SUP001,PROD00075,50,04-10-2024,10-11-2024,Delayed
PO000370,SUP026,ITM00096,122,17-06-2025,25-06-2025,Pending
PO000371,SUP002,SKU00130,379,02-02-2025,05-03-2025,Pending
PO000372,SUP009,ITM00023,102,07-02-2023,19-03-2023,Cancelled
PO000373,SUP027,ITM00077,345,25-09-2024,22-10-2024,Cancelled
PO000374,SUP023,PRO00087,270,04-05-2024,22-06-2024,Pending
PO000375,SUP002,PRO00183,520,07-03-2025,24-03-2025,Delivered
PO000376,SUP023,PRO00064,393,04-10-2023,21-11-2023,Delivered
PO000377,SUP004,ITM00033,161,01-04-2024,20-04-2024,Delayed
PO000378,SUP011,SKU00072,137,25-04-2023,30-04-2023,Delivered
PO000379,SUP001,PRO00085,443,26-08-2024,04-09-2024,Cancelled
PO000380,SUP015,PRO00133,362,28-06-2024,31-07-2024,Cancelled
PO000381,SUP012,SKU00138,269,04-06-2023,10-06-2023,In Transit
PO000382,SUP026,PRO00047,249,03-05-2025,09-05-2025,Pending 
PO000383,SUP030,ITM00025,148,28-03-2023,25-04-2023,Delayed
PO000384,SUP023,PROD00045,312,28-02-2023,16-03-2023,Cancelled
PO000385,SUP008,ITM00001,527,08-12-2024,25-01-2025,Delivered
PO000386,SUP022,PROD00160,252,25-08-2025,01-09-2025,Delayed
PO000387,SUP015,PROD00129,324,21-10-2024,28-11-2024,Pending
PO000388,SUP028,PROD00121,255,04-08-2025,08-09-2025,Pending
PO000389,SUP004,PRO00156,475,07/22/2025,27-08-2025,Pending
PO000390,SUP017,PROD00185,188,28-04-2025,07-06-2025,Cancelled
PO000391,SUP018,SKU00116,463,02-05-2025,22-05-2025,Delayed
PO000392,SUP003,SKU00101,212,01-07-2023,10-08-2023,Pending
PO000393,SUP023,PRO00030,379,27-05-2024,04-06-2024,Delivered
PO000394,SUP009,PROD00147,547,26-02-2023,06-03-2023,Pending
PO000395,SUP018,PRO00003,247,30-07-2024,15-09-2024,In Transit
PO000396,SUP017,SKU00103,310,06-12-2024,23-01-2025,Pending
PO000397,SUP012,ITM00023,336,17-01-2023,01-03-2023,In Transit
PO000398,SUP015,PRO00064,418,03-05-2024,27-05-2024,Cancelled
PO000399,SUP008,ITM00113,477,30-12-2023,08-02-2024,Delayed
PO000400,SUP008,ITM00139,442,03-08-2024,18-08-2024,In Transit
PO000401,SUP011,PRO00042,322,15-10-2023,03-12-2023,Delayed
PO000402,SUP016,PRO00078,370,16-01-2025,02-02-2025,Delayed
PO000403,SUP020,PROD00147,492,27-04-2023,06-05-2023,Delayed
PO000404,SUP015,PROD00199,429,09-04-2025,11-05-2025,
PO000405,SUP027,ITM00111,305,20-01-2024,03-07-2024,In Transit
PO000406,SUP010,PRO00039,520,19-01-2024,20-02-2024,Pending
PO000407,SUP028,PRO00028,,26-04-2023,24-05-2023,In Transit
PO000408,SUP029,PRO00014,362,27-01-2023,13-03-2023,Delivered
PO000409,SUP015,SKU00009,172,05-09-2024,21-10-2024,In Transit
PO000410,SUP012,PRO00022,356,23-01-2024,26-02-2024,Delivered
PO000411,SUP025,PROD00121,365,08-03-2025,23-03-2025,In Transit
PO000412,SUP010,PROD00185,262,30-10-2023,18-11-2023,Delayed
PO000413,SUP028,PROD00049,475,21-02-2024,26-02-2024,Delivered
PO000414,SUP017,PRO00027,239,08-04-2024,27-05-2024,Cancelled
PO000415,SUP024,ITM00096,398,15-05-2023,11-06-2023,Cancelled
PO000416,SUP006,PROD00049,128,15-12-2023,22-01-2024,Pending
PO000417,SUP025,PROD00004,,19-10-2023,01-11-2023,Delayed
PO000418,SUP027,SKU00154,240,18-01-2025,07-03-2025,Cancelled
PO000419,SUP015,SKU00072,135,28-12-2023,02-02-2024,Cancelled
PO000420,SUP006,PROD00062,60,30-09-2023,01-11-2023,Delivered
PO000421,SUP003,ITM00023,438,31-03-2025,11-04-2025,Pending
PO000422,SUP021,ITM00127,457,12-04-2023,28-04-2023,Pending
PO000423,SUP010,PRO00074,224,24-01-2023,02-02-2023,Delivered
PO000424,SUP025,SKU00154,521,08-04-2023,04/26/2023,Pending
PO000425,SUP013,SKU00181,209,27-02-2023,20-03-2023,Delivered
PO000426,SUP029,PROD00164,376,12-06-2023,01-07-2023,Delivered
PO000427,SUP020,PROD00153,513,05-09-2023,01-10-2023,Cancelled
PO000428,SUP026,SKU00054,466,23-03-2025,15-04-2025,Delivered
PO000429,SUP025,ITM00077,313,09-07-2024,21-07-2024,Cancelled
PO000430,SUP018,PROD00185,405,03-11-2023,17-12-2023,In Transit
PO000431,SUP014,PROD00123,284,30-06-2024,09-08-2024,Pending
PO000432,SUP001,PRO00156,368,24-09-2024,12-11-2024,Cancelled
PO000433,SUP005,PROD00004,64,07-04-2023,11-05-2023,Delayed
PO000434,SUP027,PRO00150,549,14-12-2023,01-01-2024,
PO000435,SUP007,ITM00065,208,17-09-2023,26-09-2023,Delayed
PO000436,SUP004,PRO00198,95,13-07-2023,22-07-2023,Delivered
PO000437,SUP005,PROD00129,154,04-07-2023,28-07-2023,Cancelled
PO000438,SUP026,PRO00155,118,15-05-2023,16-06-2023,Cancelled
PO000439,SUP011,PROD00117,275,01-11-2023,12-09-2023,Delivered
PO000440,SUP007,SKU00002,368,17-09-2023,10/15/2023,Delivered
PO000441,SUP020,PRO00161,478,13-02-2025,14-03-2025,Pending
PO000442,SUP011,PRO00155,142,28-10-2023,01-12-2023,Cancelled
PO000443,SUP007,PRO00115,405,25-09-2025,30-10-2025,Cancelled
PO000444,SUP007,ITM00071,379,10-09-2024,26-09-2024,Delivered
PO000445,SUP028,PROD00051,245,07-01-2025,21-01-2025,Delivered
PO000446,SUP030,PROD00123,367,18-05-2023,21-06-2023,Delivered
PO000447,SUP021,PROD00187,274,19-02-2024,25-03-2024,Pending
PO000448,SUP024,PROD00171,539,06-08-2025,23-07-2025,Cancelled
PO000449,SUP024,ITM00127,325,28-09-2024,06-10-2024,In Transit
PO000450,SUP018,PRO00052,419,05-09-2023,24-10-2023, Delayed 
PO000451,SUP024,ITM00166,273,03-02-2024,05-03-2024,In Transit
PO000452,SUP020,PRO00064,417,17-02-2023,01-04-2023,Delayed
PO000453,SUP012,SKU00072,81,30-07-2024,07-09-2024,Pending
PO000454,SUP019,SKU00093,486,31-10-2023,15-12-2023,Cancelled
PO000455,SUP016,PRO00163,88,23-01-2023,04-03-2023,In Transit
PO000456,SUP021,SKU00094,121,13-07-2023,08-08-2023,Pending
PO000457,SUP016,SKU00031,83,02-04-2023,08-04-2023,
PO000458,SUP002,SKU00140,543,15-03-2024,07-04-2024,Delivered
PO000459,SUP030,SKU00143,530,15-02-2023,01-04-2023,Delivered
PO000460,SUP002,PROD00117,530,11-09-2024,14-10-2024,In Transit
PO000461,SUP005,ITM00025,98,08-06-2023,21-06-2023,Delayed
PO000462,SUP010,PROD00153,492,07-02-2024,29-02-2024,Delayed
PO000463,SUP022,PROD00044,503,17-06-2023,30-07-2023,Cancelled
PO000464,SUP029,ITM00091,516,10-01-2025,30-01-2025,Delivered
PO000465,SUP012,PRO00097,478,04-07-2023,16-08-2023,Cancelled
PO000466,SUP004,PROD00199,144,17-07-2025,29-07-2025,In Transit
PO000467,SUP028,ITM00034,415,05-09-2025,17-10-2025,Delivered
PO000468,SUP012,ITM00112,543,19-10-2024,20-11-2024,Delivered
PO000469,SUP023,PRO00104,436,28-05-2024,06-07-2024,In Transit
PO000470,SUP004,ITM00110,383,18-09-2023,06-11-2023,Delivered
PO000471,SUP004,ITM00063,281,13-05-2024,30-05-2024,In Transit
PO000472,SUP004,PROD00121,307,04-09-2023,08-10-2023,Delivered
PO000473,SUP022,PRO00087,500,28-07-2024,09-09-2024,Delayed
PO000474,SUP024,SKU00026,136,19-02-2023,10-03-2023,In Transit
PO000475,SUP008,PRO00148,219,07-07-2025,17-07-2025,In Transit
PO000476,SUP017,ITM00189,130,27-10-2023,06-12-2023,Delayed
PO000477,SUP023,ITM00096,180,27-07-2025,07-09-2025,Delayed
PO000478,SUP025,PRO00144,161,29-04-2025,12-05-2025,Cancelled
PO000479,SUP001,PROD00008,285,25-04-2024,06-05-2024,In Transit
PO000480,SUP022,SKU00181,441,09-08-2024,14-08-2024,In Transit
PO000481,SUP015,ITM00134,141,18-12-2023,13-01-2024,In Transit
PO000482,SUP010,SKU00138,333,29-04-2025,10-05-2025,Cancelled
PO000483,SUP009,PRO00053,386,28-08-2023,09-10-2023,In Transit
PO000484,SUP009,PRO00003,211,16-08-2023,29-08-2023,Delayed
PO000485,SUP003,ITM00128,179,20-08-2025,14-09-2025,Cancelled
PO000486,SUP016,PROD00153,225,13-08-2024,05-09-2024,In Transit
PO000487,SUP005,SKU00026,458,11-12-2023,20-01-2024,Pending
PO000488,SUP024,PRO00007,499,18-06-2025,16-07-2025,Cancelled
PO000489,SUP002,PROD00084,62,,15-03-2025,Pending
PO000490,SUP019,PRO00039,257,17-10-2023,10-11-2023,Delivered
PO000491,SUP026,ITM00033,482,24-03-2024,10-05-2024,Pending
PO000492,SUP027,PROD00045,147,26-01-2023,19-02-2023,Delayed
PO000493,SUP004,ITM00189,161,25-06-2025,05-07-2025,Delivered
PO000494,SUP022,PRO00163,133,01-02-2024,08-03-2024,In Transit
PO000495,SUP027,PROD00149,141,12-12-2024,24-12-2024,Pending
PO000496,SUP015,PROD00018,430,25-11-2023,03-12-2023,Pending
PO000497,SUP007,PROD00171,380,04-03-2023,12-04-2023,Delivered
PO000498,SUP007,SKU00124,380,23-07-2025,18-08-2025,Cancelled
PO000499,SUP005,ITM00070,204,08-02-2025,16-03-2025,Pending
PO000500,SUP026,PRO00066,174,,25-02-2025,Pending
PO000501,SUP006,ITM00158,58,28-09-2025,27-10-2025,Delivered
PO000502,SUP027,PROD00129,177,08-01-2025,19-02-2025,Cancelled
PO000503,SUP002,PRO00060,546,18-11-2023,05-01-2024,Delivered
PO000504,SUP003,SKU00124,289,04-12-2023,14-01-2024,Pending
PO000505,SUP029,PROD00145,102,29-04-2024,15-06-2024,Delivered
PO000506,SUP018,PROD00048,378,18-01-2025,26-01-2025,Cancelled
PO000507,SUP018,ITM00025,167,13-07-2025,01-08-2025,Delayed
PO000508,SUP021,SKU00054,279,26-07-2024,30-08-2024,Pending
PO000509,SUP015,SKU00002,544,13-06-2024,07-07-2024,Delivered
PO000510,SUP025,PRO00087,295,29-06-2024,11-08-2024,Delayed
PO000511,SUP015,SKU00120,466,19-09-2023,06-11-2023,Delivered
PO000512,SUP011,ITM00139,153,13-09-2024,23-10-2024, Delayed
PO000513,SUP002,PROD00051,478,04-04-2023,22-05-2023,Delayed
PO000514,SUP024,PRO00195,260,21-08-2024,05-09-2024,Delayed
PO000515,SUP002,SKU00194,60,05-02-2023,19-03-2023,
PO000516,SUP008,ITM00105,453,22-03-2024,22-04-2024,Pending
PO000517,SUP029,ITM00015,375,23-10-2024,28-11-2024,Pending
PO000518,SUP016,PRO00029,109,01-03-2023,18-04-2023,Cancelled
PO000519,SUP009,ITM00200,192,01-01-2023,10-02-2023,Pending
PO000520,SUP027,SKU00101,325,16-03-2024,06-04-2024,Pending
PO000521,SUP026,SKU00069,201,25-08-2024,03-10-2024,Cancelled
PO000522,SUP021,PRO00151,62,15-04-2024,02-05-2024,Delivered
PO000523,SUP015,PROD00153,205,25-01-2023,01-03-2023,In Transit
PO000524,SUP001,PROD00145,131,23-03-2023,18-04-2023,Delayed
PO000525,SUP017,SKU00002,366,27-03-2023,06-05-2023,Delivered
PO000526,SUP014,SKU00152,150,14-10-2024,06-11-2024,Delayed
PO000527,SUP030,PROD00090,487,21-02-2025,10-03-2025,Cancelled
PO000528,SUP027,SKU00194,150,23-11-2023,27-12-2023,Cancelled
PO000529,SUP001,PROD00080,454,20-04-2024,18-05-2024,Cancelled
PO000530,SUP027,SKU00170,95,21-06-2023,06-07-2023,Pending
PO000531,SUP002,SKU00046,158,24-10-2023,10-12-2023,Cancelled
PO000532,SUP017,PROD00147,98,18-05-2023,30-06-2023,Pending
PO000533,SUP021,ITM00021,545,29-06-2023,04-07-2023,Delivered
PO000534,SUP022,PRO00081,435,31-01-2025,11-03-2025,
PO000535,SUP006,PROD00073,143,15-09-2023,11-10-2023,Pending
PO000536,SUP007,PRO00012,509,25-02-2025,11-04-2025,Delivered
PO000537,SUP003,SKU00054,223,13-06-2024,29-07-2024,Pending
PO000538,SUP027,ITM00040,93,24-02-2024,29-03-2024,In Transit
PO000539,SUP018,ITM00065,266,01-04-2025,25-04-2025,Pending
PO000540,SUP009,PROD00191,344,18-02-2024,04-03-2024,Delivered
PO000541,SUP026,PROD00164,308,23-03-2025,24-04-2025,Delayed
PO000542,SUP024,ITM00025,,29-05-2024,29-06-2024,Delayed 
PO000543,SUP027,PROD00185,501,12-03-2024,30-04-2024, Delivered 
PO000544,SUP023,PRO00003,468,31-01-2025,08-03-2025,Pending
PO000545,SUP008,PRO00037,146,06-05-2023,28-05-2023,Delivered
PO000546,SUP025,PRO00131,149,01-08-2025,26-08-2025,In Transit
PO000547,SUP021,PRO00074,173,18-02-2024,27-02-2024,Pending
PO000548,SUP013,ITM00114,404,26-05-2023,24-06-2023,Pending
PO000549,SUP010,PROD00177,154,11-07-2024,18-07-2024,Cancelled
PO000550,SUP019,PROD00136,493,10-04-2023,25-04-2023,In Transit
PO000551,SUP013,PROD00108,342,05-09-2024,01-10-2024,Pending
PO000552,SUP007,PRO00144,449,30-08-2025,02-10-2025,Cancelled
PO000553,SUP012,PRO00100,440,21-07-2023,13-08-2023,In Transit
PO000554,SUP022,PRO00005,123,19-02-2025,11-03-2025,Delivered
PO000555,SUP026,PRO00068,369,05-01-2023,13-01-2023,Cancelled
PO000556,SUP013,PRO00032,427,25-04-2023,09-05-2023,In Transit
PO000557,SUP018,PRO00092,229,22-06-2024,08-07-2024,Delayed
PO000558,SUP013,ITM00071,305,07-11-2023,14-12-2023,Delivered
PO000559,SUP011,PROD00149,197,13-01-2023,29-01-2023,Delayed
PO000560,SUP017,PROD00160,274,17-04-2025,05-05-2025,Pending
PO000561,SUP010,ITM00111,527,31-07-2023,19-08-2023,Delivered
PO000562,SUP012,SKU00197,364,02-02-2024,03-03-2024,Delivered
PO000563,SUP011,PRO00014,75,15-05-2025,26-05-2025,Delayed
PO000564,SUP001,ITM00172,501,29-07-2025,16-08-2025,Pending
PO000565,SUP022,ITM00176,284,30-03-2023,13-05-2023,
PO000566,SUP026,SKU00154,389,26-05-2023,09-06-2023,Cancelled
PO000567,SUP023,PRO00012,167,22-10-2023,19-11-2023,Cancelled
PO000568,SUP002,PRO00060,338,20-06-2023,02-08-2023,Delayed
PO000569,SUP025,SKU00083,521,18-06-2023,30-06-2023,In Transit
PO000570,SUP020,ITM00110,464,01-11-2024,19-11-2024,Cancelled
PO000571,SUP020,ITM00114,232,06-10-2024,12-11-2024,Cancelled
PO000572,SUP012,PRO00161,515,16-10-2023,10-11-2023,In Transit
PO000573,SUP015,PRO00119,451,05-02-2023,05-03-2023,Delivered
PO000574,SUP012,PRO00133,224,08-09-2025,14-09-2025,Delivered
PO000575,SUP009,PROD00121,168,28-06-2023,21-07-2023,Delivered
PO000576,SUP016,PROD00106,368,06-04-2025,23-04-2025,In Transit
PO000577,SUP024,PRO00146,480,,20-10-2024,Pending
PO000578,SUP030,PRO00131,123,03-02-2024,06-03-2024,Pending
PO000579,SUP020,PROD00153,204,09-02-2023,14-03-2023,Delayed
PO000580,SUP024,ITM00063,173,,30-03-2023,Pending
PO000581,SUP003,PRO00068,128,03-04-2023,09-04-2023,In Transit
PO000582,SUP023,ITM00111,533,27-09-2023,30-10-2023,Pending
PO000583,SUP026,PRO00085,349,27-08-2025,03-10-2025,Pending
PO000584,SUP014,ITM00135,447,03-07-2024,21-08-2024,Pending
PO000585,SUP015,PROD00073,549,11-01-2025,23-02-2025,Cancelled
PO000586,SUP026,PRO00092,437,22-08-2023,18-09-2023,Cancelled
PO000587,SUP030,ITM00189,502,21-11-2023,01-12-2023,Delayed
PO000588,SUP020,PROD00024,230,12-07-2023,13-08-2023,Delayed
PO000589,SUP005,PROD00191,407,16-01-2024,28-02-2024,In Transit
PO000590,SUP014,PROD00062,297,05/14/2025,12-06-2025,Delivered
PO000591,SUP006,PROD00174,470,30-12-2023,17-02-2024,Delivered
PO000592,SUP028,SKU00020,131,13-06-2023,30-06-2023,Pending
PO000593,SUP027,SKU00140,,18-11-2023,08-12-2023,Cancelled
PO000594,SUP001,ITM00111,303,18-03-2025,22-04-2025,Cancelled
PO000595,SUP007,PROD00149,349,16-10-2023,29-10-2023,In Transit
PO000596,SUP029,PROD00168,516,14-08-2023,19-09-2023,Pending
PO000597,SUP025,PRO00060,236,11-08-2023,20-09-2023,Delivered
PO000598,SUP022,SKU00141,168,30-05-2023,02-07-2023,Delayed
PO000599,SUP026,SKU00054,,21-06-2024,03-08-2024,Cancelled
PO000600,SUP023,PROD00145,485,19-09-2025,10/29/2025,In Transit
PO000601,SUP014,PROD00174,250,19-12-2023,29-01-2024,Delayed
PO000602,SUP003,SKU00061,513,11-04-2023,23-05-2023,Pending
PO000603,SUP025,SKU00152,364,21-08-2024,16-09-2024,Cancelled
PO000604,SUP025,PRO00039,50,14-08-2024,05-09-2024,Pending
PO000605,SUP026,PRO00014,51,22-05-2025,23-06-2025,Cancelled
PO000606,SUP028,PROD00167,530,30-05-2025,07-01-2025,Delayed
PO000607,SUP011,ITM00091,527,18-03-2024,27-04-2024,Pending
PO000608,SUP017,SKU00143,246,05-10-2024,19-11-2024,Pending
PO000609,SUP004,PRO00038,531,19-02-2023,26-03-2023,Cancelled
PO000610,SUP017,PRO00087,115,24-02-2023,09-03-2023,Delivered
PO000611,SUP002,ITM00111,465,22-01-2023,03-02-2023,Delayed
PO000612,SUP017,ITM00034,401,,08-12-2023,
PO000613,SUP007,ITM00189,318,28-01-2025,23-02-2025,Pending
PO000614,SUP029,PRO00074,419,10-02-2024,26-03-2024,Delivered
PO000615,SUP022,PRO00013,245,20-03-2024,04-04-2024,Delayed
PO000616,SUP020,ITM00135,369,29-07-2023,31-08-2023,In Transit
PO000617,SUP002,PROD00044,323,16-05-2024,02-07-2024,Cancelled
PO000618,SUP002,PRO00047,364,29-01-2023,13-03-2023,Delayed
PO000619,SUP023,PROD00153,252,08-04-2024,23-04-2024,Delayed
PO000620,SUP002,SKU00009,291,16-02-2024,13-03-2024,Cancelled
PO000621,SUP024,PROD00167,219,17-03-2023,04-01-2023,In Transit
PO000622,SUP027,ITM00077,,24-01-2024,04-03-2024,In Transit
PO000623,SUP026,PROD00160,274,11-12-2023,10-01-2024,Delivered
PO000624,SUP005,SKU00169,95,06-07-2024,09-08-2024,In Transit
PO000625,SUP015,PRO00144,398,18-01-2023,29-01-2023,Cancelled
PO000626,SUP022,PROD00184,250,01-04-2025,27-04-2025,Pending
PO000627,SUP002,SKU00143,533,09/16/2025,03-10-2025,Pending
PO000628,SUP004,SKU00152,79,04-06-2023,19-07-2023,Cancelled
PO000629,SUP024,ITM00172,219,19-02-2023,08-03-2023, Delivered
PO000630,SUP015,SKU00124,52,,17-05-2025,In Transit
PO000631,SUP010,ITM00126,92,08-01-2024,15-01-2024,In Transit
PO000632,SUP026,ITM00043,256,11-03-2025,25-03-2025,Pending
PO000633,SUP023,PROD00125,254,09-08-2024,22-09-2024,Pending
PO000634,SUP011,SKU00170,209,24-10-2023,11/17/2023,Pending
PO000635,SUP006,SKU00181,426,20-02-2025,27-02-2025,Pending
PO000636,SUP019,PRO00022,284,09-01-2023,25-01-2023,In Transit
PO000637,SUP029,PROD00004,456,10-03-2024,14-04-2024,Pending
PO000638,SUP004,PROD00125,129,12-05-2025,24-06-2025,Cancelled
PO000639,SUP011,SKU00140,197,07-12-2024,11-01-2025,Delivered
PO000640,SUP026,PRO00097,381,12-02-2025,19-02-2025,Delivered
PO000641,SUP024,PRO00014,461,26-01-2024,16-03-2024,Pending
PO000642,SUP008,SKU00089,455,23-02-2023,03-04-2023,Cancelled
PO000643,SUP017,PROD00177,269,26-03-2023,08-04-2023,Pending
PO000644,SUP004,ITM00071,80,05-12-2023,11-12-2023,In Transit
PO000645,SUP027,PROD00129,455,18-11-2024,05-01-2025,Pending
PO000646,SUP021,ITM00096,321,01-01-2023,18-01-2023,Delayed
PO000647,SUP017,PRO00078,301,14-10-2024,11-11-2024,Pending
PO000648,SUP026,ITM00189,457,06-06-2023,21-06-2023,Pending
PO000649,SUP030,PRO00163,382,19-09-2023,02-10-2023,Delayed
PO000650,SUP017,ITM00070,412,02-10-2023,19-11-2023,In Transit
PO000651,SUP008,PROD00184,291,10-07-2025,07-08-2025,
PO000652,SUP012,ITM00040,,26-07-2023,10-09-2023,Delivered
PO000653,SUP017,PROD00117,53,02-08-2024,20-09-2024,Pending
PO000654,SUP028,PROD00160,252,13-03-2023,25-03-2023,Pending
PO000655,SUP010,ITM00043,190,02-12-2023,19-01-2024,Cancelled
PO000656,SUP023,PROD00184,311,30-05-2024,07-07-2024,Delivered
PO000657,SUP022,PRO00007,546,16-05-2025,13-06-2025,
PO000658,SUP015,SKU00098,57,21-10-2023,05-11-2023,In Transit
PO000659,SUP028,PRO00012,248,18-06-2025,30-07-2025,Delayed
PO000660,SUP023,ITM00015,86,31-05-2025,16-06-2025,
PO000661,SUP021,ITM00114,102,24-04-2025,13-06-2025,In Transit
PO000662,SUP026,PROD00192,233,25-03-2024,05-05-2024,In Transit
PO000663,SUP005,PRO00097,245,19-07-2024,20-08-2024,Pending
PO000664,SUP003,ITM00158,61,29-06-2023,25-07-2023,Delivered
PO000665,SUP028,PROD00024,475,02-10-2024,09-10-2024,Delayed
PO000666,SUP027,PROD00073,328,11-06-2025,13-07-2025,Delayed
PO000667,SUP006,PRO00095,,18-02-2023,08-03-2023,Delivered
PO000668,SUP014,PRO00137,153,13-09-2024,23-09-2024,Delayed
PO000669,SUP021,PRO00081,54,17-11-2023,15-12-2023,Delivered
PO000670,SUP019,PRO00137,101,04-02-2025,12-02-2025,
PO000671,SUP002,PRO00053,445,20-05-2025,01-06-2025,Delayed
PO000672,SUP025,PRO00163,101,01-03-2023,06-03-2023,Pending
PO000673,SUP022,PRO00017,516,23-02-2025,28-03-2025,Delayed
PO000674,SUP022,SKU00143,375,20-08-2025,02-09-2025,Pending
PO000675,SUP003,PROD00006,389,14-07-2025,25-08-2025,Pending
PO000676,SUP005,PRO00039,470,28-01-2023,13-02-2023,Delivered
PO000677,SUP005,PRO00131,370,24-02-2025,01-04-2025,In Transit
PO000678,SUP023,ITM00172,163,16-11-2023,17-12-2023,Delayed
PO000679,SUP017,PROD00184,388,31-03-2024,28-04-2024,In Transit
PO000680,SUP024,PROD00178,159,29-01-2025,16-03-2025,Delayed
PO000681,SUP027,ITM00126,,01-08-2025,22-08-2025,Delivered
PO000682,SUP019,PRO00097,192,02/22/2024,05-03-2024,Delayed
PO000683,SUP024,PRO00027,277,25-10-2023,21-11-2023,Delayed
PO000684,SUP019,SKU00197,360,11-12-2024,19-01-2025,In Transit
PO000685,SUP004,PROD00051,432,10-01-2023,20-01-2023,Delayed
PO000686,SUP003,PRO00193,98,14-07-2023,28-08-2023,
PO000687,SUP028,PRO00115,,01-04-2025,13-05-2025,Cancelled
PO000688,SUP005,SKU00054,291,07-02-2023,29-03-2023,Delivered
PO000689,SUP027,SKU00098,190,24-05-2024,06-07-2024,Delayed
PO000690,SUP027,SKU00089,364,29-01-2023,14-02-2023,Delivered
PO000691,SUP015,ITM00105,295,21-04-2023,26-04-2023,Cancelled
PO000692,SUP024,PRO00019,177,28-08-2025,03-10-2025,Delivered
PO000693,SUP029,PRO00144,71,05-07-2025,24-07-2025,In Transit
PO000694,SUP008,PRO00183,301,03-08-2025,13-08-2025,Delayed
PO000695,SUP021,SKU00142,448,12-01-2025,07-02-2025,Delayed
PO000696,SUP007,ITM00070,265,08-07-2024,22-07-2024,Cancelled
PO000697,SUP025,PRO00012,168,13-05-2024,21-06-2024,In Transit
PO000698,SUP024,SKU00082,321,13-11-2023,20-11-2023,Delayed
PO000699,SUP028,PRO00078,529,07-11-2024,26-12-2024,Delivered
PO000700,SUP003,PROD00084,149,10-10-2023,26-11-2023,Cancelled
PO000701,SUP004,ITM00099,415,19-06-2024,01-08-2024, Delayed
PO000702,SUP008,PRO00066,228,31-03-2025,12-05-2025,
PO000703,SUP002,PRO00162,536,09-02-2024,14-03-2024,Cancelled
PO000704,SUP025,PRO00022,441,16-05-2025,14-06-2025,In Transit
PO000705,SUP008,SKU00140,332,17-05-2025,03-06-2025,In Transit
PO000706,SUP018,PRO00193,270,25-02-2023,03-03-2023,Delayed
PO000707,SUP012,ITM00036,246,27-09-2025,10-10-2025,Delivered
PO000708,SUP016,PROD00174,249,27-10-2024,09-12-2024,Delivered
PO000709,SUP015,PRO00195,394,17-07-2025,18-08-2025,Pending
PO000710,SUP005,PRO00037,480,08-03-2023,27-03-2023,Delivered
PO000711,SUP018,PRO00119,243,21-08-2023,18-09-2023,Delivered
PO000712,SUP003,PRO00042,59,11-04-2024,23-05-2024,Pending
PO000713,SUP013,PRO00150,433,10-07-2024,15-08-2024,Delayed
PO000714,SUP007,SKU00179,150,30-05-2024,21-06-2024,Cancelled
PO000715,SUP012,ITM00040,374,14-03-2023,15-04-2023,Pending
PO000716,SUP026,SKU00101,502,07-03-2024,18-04-2024,Cancelled
PO000717,SUP011,SKU00179,545,23-03-2023,04-03-2023,Delivered
PO000718,SUP026,PROD00051,196,23-07-2025,13-08-2025,Pending
PO000719,SUP004,PRO00133,393,21-06-2023,01-08-2023,Pending
PO000720,SUP018,PRO00151,166,17-04-2025,02-05-2025,Cancelled
PO000721,SUP020,PRO00019,509,01-01-2023,06-02-2023,Cancelled
PO000722,SUP016,PRO00022,286,15-08-2023,27-08-2023,Delayed
PO000723,SUP018,PRO00068,482,19-08-2025,08-09-2025,In Transit
PO000724,SUP003,SKU00094,173,26-01-2025,08-02-2025,In Transit
PO000725,SUP017,ITM00091,477,26-05-2024,03-06-2024,Pending
PO000726,SUP028,SKU00173,413,26-01-2025,03-03-2025,In Transit
PO000727,SUP022,SKU00188,481,21-02-2023,24-03-2023,Delayed
PO000728,SUP004,ITM00127,339,23-01-2023,26-02-2023,Delivered
PO000729,SUP010,SKU00031,,19-03-2025,24-03-2025,Delayed
PO000730,SUP017,PROD00080,319,08-07-2025,24-07-2025,In Transit
PO000731,SUP008,PROD00153,51,23-10-2023,07-11-2023,Delivered
PO000732,SUP030,SKU00152,465,08-08-2025,05-09-2025,Pending
PO000733,SUP001,PROD00199,230,04-03-2023,11-04-2023,In Transit
PO000734,SUP021,PROD00164,391,,19-07-2024,Pending
PO000735,SUP015,ITM00043,525,17-09-2023,30-09-2023,Cancelled
PO000736,SUP013,SKU00122,256,04-07-2025,11-08-2025,Delayed
PO000737,SUP008,PRO00109,345,01-03-2024,03/29/2024,Delayed
PO000738,SUP024,PRO00119,55,10-05-2023,16-06-2023,In Transit
PO000739,SUP005,PROD00129,107,13-11-2023,14-12-2023,In Transit
PO000740,SUP028,SKU00138,469,21-08-2025,28-09-2025,Delivered
PO000741,SUP006,ITM00036,385,11-11-2023,24-11-2023,Pending
PO000742,SUP013,ITM00050,242,28-05-2025,26-06-2025,Pending
PO000743,SUP010,PRO00005,395,09-04-2025,23-04-2025,In Transit
PO000744,SUP029,PROD00123,323,11-02-2025,13-03-2025,Delivered
PO000745,SUP007,ITM00111,246,09-02-2023,18-03-2023,Delayed
PO000746,SUP001,PRO00013,51,28-10-2023,23-11-2023,Delayed
PO000747,SUP029,SKU00061,188,05-04-2024,24-04-2024,Cancelled
PO000748,SUP025,SKU00046,204,20-05-2025,01-07-2025,Cancelled
PO000749,SUP009,PROD00123,277,17-01-2024,03-02-2024,Pending
PO000750,SUP012,ITM00021,133,14-02-2025,29-03-2025,Pending
PO000751,SUP029,PRO00028,108,17-08-2023,12-09-2023,Pending
PO000752,SUP026,ITM00021,457,11-08-2025,20-09-2025,Delayed
PO000753,SUP020,SKU00054,61,09-07-2025,27-08-2025,Delayed
PO000754,SUP030,ITM00158,386,02-02-2024,03/18/2024,Delayed
PO000755,SUP026,PRO00198,162,05-05-2023,15-05-2023,Delivered
PO000756,SUP018,ITM00023,474,24-02-2025,03-02-2025,Delivered
PO000757,SUP005,PRO00013,209,11-05-2025,12-06-2025,Pending
PO000758,SUP028,PRO00027,235,30-07-2025,03-09-2025,Cancelled
PO000759,SUP027,PRO00198,160,08-02-2024,10-03-2024,Cancelled
PO000760,SUP016,PRO00012,509,04-04-2023,18-05-2023,Delivered
PO000761,SUP024,SKU00083,448,01-02-2023,12-02-2023,Cancelled
PO000762,SUP010,ITM00071,272,07-06-2025,15-06-2025,Cancelled
PO000763,SUP014,ITM00105,190,13-09-2024,19-09-2024,In Transit
PO000764,SUP023,ITM00071,405,24-01-2023,16-02-2023,Delivered
PO000765,SUP029,SKU00089,199,21-06-2024,02-08-2024,Delivered
PO000766,SUP001,SKU00054,386,02-05-2024,08-05-2024,In Transit
PO000767,SUP015,PRO00115,115,26-07-2024,15-08-2024,Pending
PO000768,SUP015,SKU00154,209,07-04-2023,11-05-2023,Delivered
PO000769,SUP029,SKU00152,312,13-02-2023,24-03-2023,In Transit
PO000770,SUP028,PROD00073,249,03/30/2024,14-04-2024,Delayed
PO000771,SUP026,SKU00142,511,12-01-2024,28-01-2024,Cancelled
PO000772,SUP023,SKU00152,86,23-04-2024,09-05-2024,Cancelled
PO000773,SUP004,PROD00185,353,21-11-2024,06-12-2024,Delayed
PO000774,SUP009,ITM00070,535,22-01-2025,31-01-2025,Delivered
PO000775,SUP022,PRO00100,111,06-11-2023,23-12-2023,Pending
PO000776,SUP020,PROD00102,535,14-06-2023,27-07-2023,In Transit
PO000777,SUP010,PROD00059,334,05-08-2024,18-08-2024,Delivered
PO000778,SUP029,PROD00080,204,14-01-2025,22-01-2025,Delivered
PO000779,SUP016,SKU00046,508,26-01-2024,01-02-2024,Cancelled 
PO000780,SUP005,PRO00019,377,08-12-2023,06-01-2024,Pending
PO000781,SUP009,PRO00109,292,22-10-2023,12-11-2023,Cancelled
PO000782,SUP007,PROD00075,348,07-06-2025,18-07-2025,Pending
PO000783,SUP009,PROD00136,200,04-11-2024,23-12-2024,Pending
PO000784,SUP015,PROD00062,523,25-04-2025,07-06-2025,Pending
PO000785,SUP008,PROD00149,525,12-06-2024,12-07-2024,Delayed
PO000786,SUP029,PROD00192,410,09-12-2024,01-01-2025,Delivered
PO000787,SUP023,SKU00088,186,09-08-2024,26-09-2024,Delayed
PO000788,SUP009,SKU00079,155,07-08-2023,15-09-2023,Pending
PO000789,SUP015,SKU00181,269,30-08-2024,25-09-2024,Pending
PO000790,SUP029,SKU00142,267,,12-06-2024,Cancelled
PO000791,SUP009,PRO00148,423,17-06-2025,24-07-2025,Pending
PO000792,SUP011,PRO00133,183,27-03-2023,25-04-2023,In Transit
PO000793,SUP012,PROD00168,496,21-12-2023,04-02-2024,Cancelled
PO000794,SUP006,PRO00005,60,21-07-2025,29-07-2025,Delayed
PO000795,SUP021,PROD00125,486,13-11-2024,24-11-2024,Delivered
PO000796,SUP004,PROD00051,347,19-06-2024,28-07-2024,In Transit
PO000797,SUP001,SKU00020,242,28-04-2025,18-05-2025,Delivered
PO000798,SUP008,PRO00104,301,11-03-2023,19-04-2023,In Transit
PO000799,SUP029,SKU00143,237,12-09-2023,06-10-2023,Cancelled
PO000800,SUP022,PRO00183,,06-04-2025,20-05-2025,In Transit
PO000801,SUP009,SKU00152,62,06-05-2023,26-05-2023,Delivered
PO000802,SUP003,SKU00057,503,19-03-2023,27-04-2023,Delayed
PO000803,SUP028,SKU00159,401,15-07-2023,28-07-2023,Delayed
PO000804,SUP014,PROD00187,126,14-02-2025,01-04-2025,In Transit
PO000805,SUP019,PRO00010,543,27-01-2025,06-02-2025,In Transit
PO000806,SUP027,PROD00136,219,01-09-2025,11-10-2025,Delayed
PO000807,SUP002,PROD00008,533,30-09-2023,16-10-2023,In Transit 
PO000808,SUP014,PRO00081,159,08-07-2024,12-08-2024,Delivered
PO000809,SUP022,ITM00172,185,19-12-2024,04-01-2025,Pending
PO000810,SUP022,PROD00024,214,16-09-2025,28-10-2025,In Transit
PO000811,SUP025,PRO00003,55,05-06-2024,23-06-2024,Cancelled
PO000812,SUP013,PROD00165,321,24-03-2025,04-05-2025,Pending
PO000813,SUP029,PROD00167,313,20-02-2023,10-03-2023,
PO000814,SUP021,PROD00123,473,18-09-2024,17-10-2024,Cancelled
PO000815,SUP019,ITM00128,225,31-07-2025,15-09-2025,Delayed
PO000816,SUP001,SKU00079,83,15-12-2023,15-01-2024,Delivered
PO000817,SUP004,PRO00037,485,03-10-2023,08-10-2023,Pending
PO000818,SUP016,PRO00087,62,07-12-2024,15-12-2024,Delayed
PO000819,SUP029,PRO00037,125,12-10-2023,24-11-2023,Delayed 
PO000820,SUP009,ITM00128,226,27-05-2023,01-07-2023,Cancelled
PO000821,SUP009,PROD00006,66,04-10-2024,14-11-2024,In Transit
PO000822,SUP010,PRO00003,128,30-10-2023,04-11-2023,Cancelled
PO000823,SUP028,ITM00200,76,13-03-2024,29-03-2024,
PO000824,SUP007,PRO00007,197,11-03-2023,18-03-2023,Cancelled
PO000825,SUP020,SKU00069,122,28-12-2024,21-01-2025,Pending
PO000826,SUP009,SKU00088,422,30-01-2024,17-02-2024,Delivered
PO000827,SUP010,PRO00076,62,08-07-2024,16-08-2024,Pending
PO000828,SUP002,SKU00009,487,10-03-2025,26-03-2025,Delivered
PO000829,SUP017,PRO00076,159,23-06-2024,07-07-2024,Pending
PO000830,SUP022,PRO00066,446,09-05-2024,26-05-2024,Pending
PO000831,SUP011,PROD00049,332,10-11-2023,20-11-2023,Delivered
PO000832,SUP003,SKU00083,173,04-04-2024,12-04-2024,In Transit
PO000833,SUP008,PRO00037,502,03-02-2025,15-03-2025,Cancelled
PO000834,SUP020,PROD00187,348,,31-12-2023,Delayed
PO000835,SUP008,PROD00004,97,22-07-2024,11-08-2024,Delayed
PO000836,SUP022,SKU00069,522,11-05-2024,17-05-2024,In Transit
PO000837,SUP007,ITM00175,252,28-07-2025,10-08-2025,Pending
PO000838,SUP019,PRO00137,68,31-12-2023,24-01-2024,In Transit
PO000839,SUP006,PROD00024,476,01-11-2023,20-11-2023,Pending
PO000840,SUP013,PRO00119,411,,07-01-2023,Pending
PO000841,SUP025,PRO00198,54,18-06-2024,09-07-2024,Delayed
PO000842,SUP023,PRO00003,284,08-12-2024,20-12-2024,Pending
PO000843,SUP013,PROD00184,96,08-06-2024,06-07-2024,Delivered
PO000844,SUP008,ITM00135,466,10-02-2024,07-03-2024,Cancelled
PO000845,SUP002,PROD00045,328,05-11-2024,30-05-2024,Pending
PO000846,SUP027,PRO00078,153,05/18/2025,23-06-2025,Cancelled
PO000847,SUP015,ITM00099,513,12-11-2023,19-12-2023,In Transit
PO000848,SUP016,ITM00110,98,30-04-2024,16-06-2024,Pending
PO000849,SUP024,PRO00078,467,20-01-2025,12-02-2025,In Transit
PO000850,SUP023,PROD00018,404,31-10-2023,04-12-2023,In Transit
PO000851,SUP004,ITM00158,261,12-09-2025,28-10-2025,Delivered
PO000852,SUP008,PROD00174,79,16-10-2024,07-11-2024,Cancelled
PO000853,SUP017,PROD00123,431,10-07-2023,30-07-2023,Cancelled
PO000854,SUP013,ITM00025,534,23-03-2023,21-04-2023,Pending
PO000855,SUP023,ITM00110,373,27-01-2025,15-03-2025,
PO000856,SUP016,PROD00084,287,03-01-2024,22-01-2024,Cancelled
PO000857,SUP017,PROD00165,281,29-09-2023,15-11-2023,Delayed
PO000858,SUP006,PRO00066,217,11-12-2023,17-12-2023,In Transit
PO000859,SUP014,ITM00200,149,10-04-2023,16-04-2023,Delivered
PO000860,SUP001,PROD00090,504,27-09-2023,15-11-2023,Delivered
PO000861,SUP027,SKU00083,124,30-09-2023,08-10-2023,In Transit
PO000862,SUP001,ITM00127,335,12-09-2023,02-10-2023,Cancelled
PO000863,SUP022,SKU00009,494,03-04-2025,12-04-2025,In Transit
PO000864,SUP019,SKU00093,206,05-06-2023,15-07-2023,Cancelled
PO000865,SUP013,ITM00126,427,21-06-2023,04-08-2023,Pending
PO000866,SUP022,PROD00125,267,31-12-2023,23-01-2024,Pending
PO000867,SUP009,ITM00001,,10-11-2023,07-12-2023,Cancelled
PO000868,SUP002,PRO00022,205,31-03-2025,16-05-2025,In Transit
PO000869,SUP023,SKU00035,303,02-08-2025,01-09-2025,In Transit
PO000870,SUP002,PROD00080,382,24-04-2023,09-05-2023,In Transit
PO000871,SUP020,PROD00153,57,30-07-2024,29-08-2024,In Transit
PO000872,SUP014,PROD00185,500,12-06-2024,28-07-2024,Pending
PO000873,SUP008,ITM00166,462,06-07-2023,13-07-2023,In Transit
PO000874,SUP020,ITM00033,284,03-03-2024,16-03-2024,Delivered
PO000875,SUP016,SKU00142,315,,27-09-2025,Pending
PO000876,SUP001,ITM00099,499,,10-08-2023,Pending
PO000877,SUP009,ITM00111,315,08-08-2024,31-08-2024,Delivered
PO000878,SUP014,PROD00167,467,13-06-2023,07/29/2023,Pending
PO000879,SUP005,PRO00007,296,01-09-2025,12-10-2025,Cancelled
PO000880,SUP008,PRO00076,234,08-01-2025,25-02-2025,
PO000881,SUP026,PRO00144,421,28-08-2023,30-09-2023,In Transit
PO000882,SUP018,ITM00011,321,30-08-2024,08-10-2024,Pending
PO000883,SUP020,PRO00007,306,04-10-2024,23-11-2024,Pending
PO000884,SUP024,PRO00053,413,17-10-2024,10-11-2024,In Transit
PO000885,SUP026,SKU00093,159,23-06-2025,12-08-2025,In Transit
PO000886,SUP008,SKU00054,310,29-04-2023,03-06-2023,In Transit
PO000887,SUP013,PROD00125,78,22-10-2023,28-11-2023,Delivered
PO000888,SUP014,PRO00032,389,20-05-2025,12-06-2025,
PO000889,SUP013,ITM00158,87,14-03-2025,21-03-2025,Pending
PO000890,SUP003,PRO00047,228,02-02-2024,09-02-2024,Delayed
PO000891,SUP008,PRO00195,214,13-02-2025,21-02-2025,Pending
PO000892,SUP007,SKU00020,260,10-04-2023,21-04-2023,In Transit
PO000893,SUP023,PROD00153,548,02-03-2024,17-04-2024,Cancelled
PO000894,SUP021,PROD00080,414,27-02-2023,22-03-2023,Cancelled
PO000895,SUP003,PROD00178,205,16-08-2025,30-09-2025,Pending
PO000896,SUP030,PRO00095,472,01-05-2023,01-06-2023,Delayed
PO000897,SUP023,PRO00064,227,30-06-2023,18-07-2023,Cancelled
PO000898,SUP010,ITM00050,463,25-11-2024,18-12-2024,Delayed
PO000899,SUP012,PROD00160,,03-11-2024,09-11-2024,Pending
PO000900,SUP006,SKU00020,70,13-06-2024,13-07-2024,Delivered
PO000901,SUP006,PROD00168,345,27-06-2025,30-07-2025,Pending
PO000902,SUP011,PRO00052,196,13-05-2023,10-06-2023,Delivered
PO000903,SUP030,PRO00074,358,05-03-2025,08-04-2025,Cancelled
PO000904,SUP008,PROD00132,457,01-02-2023,14-02-2023,Delayed
PO000905,SUP013,ITM00200,207,10-08-2023,29-08-2023,Pending
PO000906,SUP017,PRO00163,538,24-02-2025,13-03-2025,In Transit
PO000907,SUP030,PRO00097,259,25-06-2025,07/15/2025,Delivered
PO000908,SUP002,PRO00019,290,27-01-2023,15-03-2023,Delayed
PO000909,SUP026,ITM00036,411,22-01-2025,11-02-2025,Pending
PO000910,SUP027,PRO00013,434,19-09-2025,25-09-2025,Cancelled
PO000911,SUP012,PROD00149,328,04-08-2024,15-08-2024,Delivered
PO000912,SUP002,PROD00185,182,17-01-2025,22-02-2025, Pending
PO000913,SUP009,PROD00191,348,14-06-2024,23-06-2024,Delayed
PO000914,SUP023,PROD00045,326,27-08-2023,23-09-2023,In Transit
PO000915,SUP017,PRO00157,269,22-07-2024,12-08-2024,Pending
PO000916,SUP012,PROD00136,263,26-08-2023,05-09-2023,Cancelled
PO000917,SUP025,PROD00125,326,20-09-2025,29-09-2025,Delayed
PO000918,SUP001,PROD00187,255,03-12-2023,16-01-2024,In Transit
PO000919,SUP021,ITM00063,406,08-04-2025,19-04-2025,Cancelled
PO000920,SUP024,PRO00151,203,25-05-2023,03-07-2023,Cancelled
PO000921,SUP011,PROD00136,101,29-04-2025,12-06-2025,In Transit
PO000922,SUP029,PROD00149,418,12-06-2023,26-07-2023,Cancelled
PO000923,SUP030,ITM00166,167,05-05-2024,17-05-2024,In Transit
PO000924,SUP028,PRO00027,247,20-02-2024,01-03-2024,Delivered 
PO000925,SUP027,SKU00186,62,22-03-2024,27-03-2024,Pending
PO000926,SUP020,SKU00138,381,19-03-2024,29-04-2024,Delayed
PO000927,SUP027,SKU00067,519,16-03-2024,31-03-2024,Cancelled
PO000928,SUP008,PROD00048,112,26-06-2025,03-07-2025,In Transit
PO000929,SUP011,SKU00083,473,08-02-2024,08-03-2024,In Transit
PO000930,SUP026,SKU00188,430,06-01-2024,07-02-2024,In Transit
PO000931,SUP014,PROD00008,149,23-06-2024,01-07-2024,Delivered
PO000932,SUP029,SKU00088,299,30-08-2024,13-10-2024,Pending
PO000933,SUP025,ITM00050,495,18-08-2024,09-01-2024,Delayed
PO000934,SUP006,SKU00194,524,23-06-2025,06-07-2025,Delayed
PO000935,SUP007,SKU00094,141,06-02-2023,14-03-2023,Cancelled
PO000936,SUP004,ITM00127,267,20-05-2025,29-06-2025,
PO000937,SUP011,PROD00165,248,24-02-2023,21-03-2023,Pending
PO000938,SUP008,PROD00192,387,08-01-2023,14-01-2023,In Transit
PO000939,SUP017,SKU00190,392,05-01-2023,11-02-2023,Pending
PO000940,SUP014,PROD00185,418,29-12-2023,12-01-2024,In Transit
PO000941,SUP012,PRO00183,190,27-02-2024,15-03-2024,
PO000942,SUP007,ITM00063,359,20-11-2024,12-12-2024,Delivered
PO000943,SUP019,PRO00064,188,27-02-2025,25-03-2025,Delayed
PO000944,SUP029,PRO00066,546,28-02-2023,20-03-2023,Pending
PO000945,SUP025,ITM00139,448,22-01-2025,28-02-2025,Pending
PO000946,SUP013,SKU00061,306,12-03-2024,22-04-2024,Delivered
PO000947,SUP027,ITM00025,153,25-05-2024,02-07-2024,Pending
PO000948,SUP006,PRO00005,415,24-04-2024,04-05-2024,Delayed
PO000949,SUP019,SKU00067,103,03-11-2024,13-11-2024,Delivered
PO000950,SUP016,SKU00120,362,14-03-2024,25-04-2024,Cancelled
PO000951,SUP028,SKU00138,90,05-03-2024,01-04-2024,Delivered
PO000952,SUP004,PRO00151,129,13-09-2025,28-10-2025,Delivered
PO000953,SUP025,PRO00195,74,24-11-2024,08-01-2025,Cancelled
PO000954,SUP026,SKU00067,357,13-09-2024,07-10-2024,Delivered
PO000955,SUP013,SKU00082,534,29-07-2023,17-09-2023,Pending
PO000956,SUP022,ITM00114,421,17-08-2025,09/14/2025,Delivered
PO000957,SUP023,ITM00025,450,20-06-2025,01-08-2025,Pending
PO000958,SUP015,PRO00137,160,22-04-2025,28-05-2025,In Transit
PO000959,SUP010,PRO00131,345,17-07-2023,12-08-2023,Pending
PO000960,SUP007,PROD00102,523,21-02-2024,08-04-2024,In Transit
PO000961,SUP010,ITM00040,476,27-03-2024,18-04-2024,Pending
PO000962,SUP021,PROD00182,460,10-02-2024,18-02-2024,Pending
PO000963,SUP015,PRO00068,222,11-07-2024,29-07-2024,Pending
PO000964,SUP023,SKU00138,490,02-11-2023,15-12-2023,In Transit
PO000965,SUP017,SKU00093,342,15-11-2023,23-12-2023,Cancelled
PO000966,SUP004,PRO00131,88,09-02-2025,25-03-2025,Cancelled
PO000967,SUP012,PRO00038,354,05-01-2025,16-01-2025,Delivered
PO000968,SUP009,PRO00060,127,15-08-2024,20-09-2024,Pending
PO000969,SUP010,SKU00067,84,02-01-2025,22-01-2025,Cancelled
PO000970,SUP030,ITM00091,499,17-06-2025,30-06-2025,Delivered
PO000971,SUP014,PROD00174,321,04-10-2023,13-11-2023,In Transit
PO000972,SUP001,SKU00138,404,28-06-2023,10-07-2023,Delayed
PO000973,SUP006,PROD00125,205,16-02-2023,01-04-2023,Delivered
PO000974,SUP030,SKU00130,203,31-10-2023,20-11-2023,Delayed
PO000975,SUP017,PROD00123,377,08-03-2025,19-04-2025,In Transit
PO000976,SUP025,ITM00189,140,14-06-2025,28-06-2025,Delayed
PO000977,SUP020,ITM00023,73,,10-04-2024,Cancelled
PO000978,SUP004,ITM00023,108,10-07-2025,11-08-2025,In Transit
PO000979,SUP029,PROD00123,62,12-12-2023,23-01-2024,In Transit
PO000980,SUP028,PROD00045,96,10-04-2023,23-05-2023,Cancelled
PO000981,SUP004,ITM00050,122,21-02-2024,01-04-2024,Delivered
PO000982,SUP015,PROD00004,449,20-01-2025,01-02-2025,Delivered
PO000983,SUP013,SKU00138,477,22-03-2024,22-04-2024,Delayed
PO000984,SUP014,PRO00180,463,10-11-2024,05-12-2024,Pending
PO000985,SUP012,PROD00125,206,27-07-2023,02-08-2023,Pending
PO000986,SUP026,SKU00089,457,29-08-2024,14-09-2024,Cancelled
PO000987,SUP014,PRO00053,199,,21-08-2024,Cancelled
PO000988,SUP021,ITM00050,241,,20-04-2025,Delivered
PO000989,SUP015,PROD00191,397,18-07-2023,24-08-2023,Delivered
PO000990,SUP012,ITM00040,462,14-07-2023,28-07-2023,In Transit
PO000991,SUP005,SKU00154,512,14-02-2023,07-03-2023,Delayed
PO000992,SUP002,PROD00045,98,24-05-2025,24-06-2025,Pending
PO000993,SUP023,PRO00030,72,30-03-2023,06-04-2023,Delivered
PO000994,SUP009,ITM00001,99,12-10-2024,26-11-2024,Cancelled
PO000995,SUP028,PRO00144,151,26-07-2025,17-08-2025,Pending
PO000996,SUP015,SKU00142,248,23-12-2023,08-02-2024,In Transit
PO000997,SUP028,PRO00029,328,,21-10-2025,Delivered
PO000998,SUP013,PRO00163,62,07-03-2024,10-04-2024,Delayed
PO000999,SUP013,ITM00110,85,01-05-2024,04-06-2024,Delayed
PO001000,SUP006,ITM00111,65,05-11-2024,15-11-2024,Cancelled
PO001001,SUP007,PROD00075,,28-07-2023,08-09-2023,Delayed
PO001002,SUP012,PROD00123,403,21-04-2023,22-05-2023,In Transit
PO001003,SUP022,PROD00018,517,15-07-2023,23-08-2023,Delivered
PO001004,SUP009,PROD00048,226,04-11-2024,02-12-2024,Pending
PO001005,SUP009,PROD00044,503,01-07-2025,13-08-2025,Delayed
PO001006,SUP006,PROD00136,261,01-11-2023,02-12-2023,Pending
PO001007,SUP006,ITM00043,171,08-10-2023,03-11-2023,Pending
PO001008,SUP006,PROD00192,60,14-11-2023,31-12-2023,In Transit
PO001009,SUP005,ITM00127,358,08-02-2023,20-02-2023,Cancelled
PO001010,SUP020,SKU00054,394,05-05-2023,25-05-2023,In Transit
PO001011,SUP007,PRO00005,71,31-08-2024,07-09-2024,In Transit
PO001012,SUP005,SKU00186,314,06-07-2024,12-07-2024,Delayed
PO001013,SUP021,SKU00035,151,13-09-2023,04-10-2023,Delayed
PO001014,SUP005,PROD00107,177,10-12-2024,29-12-2024,Delivered
PO001015,SUP030,PROD00192,358,14-02-2025,28-03-2025,Delivered
PO001016,SUP006,ITM00105,516,05-07-2025,22-08-2025,Delayed
PO001017,SUP026,PRO00193,393,30-07-2025,10-08-2025,Cancelled
PO001018,SUP026,PRO00012,451,28-05-2023,10-07-2023,Delivered
PO001019,SUP001,ITM00071,313,24-09-2024,26-10-2024,Pending
PO001020,SUP010,SKU00046,51,,19-08-2024,Cancelled
PO001021,SUP009,PROD00167,95,22-05-2025,14-06-2025,In Transit
PO001022,SUP019,SKU00054,362,11-04-2023,22-05-2023,Delayed
PO001023,SUP018,ITM00200,279,08-12-2023,24-01-2024,In Transit
PO001024,SUP018,SKU00103,,23-02-2024,01-04-2024,Cancelled
PO001025,SUP025,PROD00084,117,14-06-2023,30-06-2023,Cancelled
PO001026,SUP030,PROD00132,392,12-08-2023,13-09-2023,Delivered
PO001027,SUP028,PROD00167,217,18-01-2023,23-02-2023,Cancelled
PO001028,SUP005,ITM00127,341,29-11-2023,06-01-2024,Delivered
PO001029,SUP010,ITM00043,53,13-06-2025,25-06-2025,Cancelled
PO001030,SUP016,SKU00116,278,01-09-2023,06-09-2023, Delayed
PO001031,SUP006,ITM00175,476,02-02-2025,08-02-2025,Pending
PO001032,SUP022,PRO00003,526,11-04-2023,19-05-2023,In Transit
PO001033,SUP024,SKU00079,479,11-02-2023,20-03-2023,Pending
PO001034,SUP004,PRO00032,97,20-02-2025,02-04-2025,Delayed
PO001035,SUP027,PROD00004,435,03-08-2025,28-08-2025,Delayed
PO001036,SUP024,PRO00087,523,15-02-2023,07-03-2023,Delivered
PO001037,SUP029,PRO00003,240,,20-03-2025,In Transit
PO001038,SUP004,PROD00062,367,25-06-2023,06-08-2023,Pending
PO001039,SUP025,SKU00061,391,15-06-2023,07-03-2023,Cancelled
PO001040,SUP030,ITM00158,549,26-03-2023,16-04-2023, Pending
PO001041,SUP001,PROD00073,228,17-02-2024,28-02-2024,Delivered
PO001042,SUP015,ITM00175,429,11-08-2023,28-08-2023,In Transit
PO001043,SUP018,ITM00023,367,13-05-2025,11-06-2025,Delayed
PO001044,SUP006,ITM00189,328,03-06-2024,14-07-2024,Delivered
PO001045,SUP021,PROD00125,327,31-07-2025,06-09-2025,In Transit
PO001046,SUP014,SKU00054,139,02-09-2024,14-09-2024,Cancelled
PO001047,SUP004,SKU00069,306,12-09-2023,06-10-2023,In Transit
PO001048,SUP022,PROD00167,247,18-08-2025,01-09-2025,Pending
PO001049,SUP028,SKU00093,542,17-01-2025,24-02-2025,Cancelled
PO001050,SUP005,SKU00061,347,25-01-2025,13-02-2025,In Transit
PO001051,SUP012,PROD00117,336,26-05-2025,14-06-2025,Cancelled
PO001052,SUP011,SKU00088,306,02-01-2024,16-01-2024,Delivered
PO001053,SUP025,PRO00012,226,28-12-2023,13-02-2024,Pending
PO001054,SUP018,ITM00099,309,21-10-2023,08-11-2023,Delayed
PO001055,SUP009,SKU00031,524,20-01-2023,27-02-2023,Pending
PO001056,SUP008,PRO00005,160,15-06-2025,01-07-2025,Cancelled
PO001057,SUP003,PROD00167,525,12-12-2023,22-12-2023,Delayed
PO001058,SUP006,PRO00095,261,19-04-2023,30-04-2023,Pending
PO001059,SUP001,SKU00154,427,31-08-2025,05-09-2025,Delivered
PO001060,SUP023,PROD00073,91,27-02-2025,27-03-2025,
PO001061,SUP002,PROD00059,244,17-09-2025,21-10-2025,Delayed
PO001062,SUP012,PROD00185,478,10-07-2023,25-08-2023, Delayed 
PO001063,SUP019,ITM00077,209,16-01-2024,17-02-2024,Delivered
PO001064,SUP026,PROD00149,219,27-07-2024,25-08-2024,In Transit
PO001065,SUP006,PRO00029,119,28-03-2024,29-04-2024,Delivered
PO001066,SUP005,PRO00198,122,25-02-2024,10-03-2024,Cancelled
PO001067,SUP005,ITM00135,216,10-12-2023,15-01-2024,Delivered
PO001068,SUP002,PRO00144,347,22-01-2024,09-03-2024,Pending
PO001069,SUP022,SKU00143,87,16-05-2024,11-06-2024,Delayed
PO001070,SUP024,SKU00120,335,19-06-2023,11-07-2023,In Transit
PO001071,SUP024,ITM00040,546,24-08-2025,18-09-2025,Delayed
PO001072,SUP023,PROD00178,414,16-05-2023,06-08-2023,Delivered
PO001073,SUP012,ITM00033,527,03-02-2025,16-03-2025,Delivered
PO001074,SUP012,PRO00017,245,29-12-2024,17-01-2025,
PO001075,SUP027,ITM00126,71,09-05-2025,23-05-2025,Pending
PO001076,SUP017,PROD00024,429,07-10-2023,24-10-2023,Delivered
PO001077,SUP023,ITM00158,481,12-12-2024,26-01-2025,Delayed
PO001078,SUP024,ITM00158,144,11-10-2024,01-11-2024,Pending
PO001079,SUP028,PROD00080,185,22-11-2023,26-12-2023,Cancelled
PO001080,SUP018,SKU00002,103,16-10-2024,30-11-2024,Delayed
PO001081,SUP029,ITM00105,354,03-05-2023,03-06-2023,In Transit
PO001082,SUP012,SKU00031,234,31-07-2024,15-08-2024,Delayed
PO001083,SUP002,ITM00175,303,27-09-2023,11-11-2023,Cancelled
PO001084,SUP027,PROD00199,52,06-08-2024,14-09-2024,Cancelled
PO001085,SUP020,PROD00147,432,01-10-2023,02-11-2023,In Transit
PO001086,SUP015,PROD00199,534,24-12-2024,11-01-2025,Delivered
PO001087,SUP016,PRO00115,188,25-12-2024,19-01-2025,Pending
PO001088,SUP002,PROD00123,335,29-04-2023,12-06-2023,Pending
PO001089,SUP008,PRO00012,204,05-01-2024,06-02-2024,In Transit
PO001090,SUP028,PRO00109,548,30-01-2025,25-02-2025,Delivered
PO001091,SUP009,PRO00161,236,04-01-2024,13-01-2024,In Transit
PO001092,SUP020,SKU00009,393,04-08-2023,13-09-2023,Delivered
PO001093,SUP015,PRO00029,220,08-07-2024,15-07-2024,Delivered
PO001094,SUP018,ITM00058,181,23-01-2023,09-02-2023,In Transit
PO001095,SUP011,PRO00115,94,23-05-2023,08-06-2023,In Transit
PO001096,SUP007,SKU00054,103,02-07-2023,28-07-2023,Pending
PO001097,SUP022,SKU00116,219,11-06-2024,02-07-2024,Pending
PO001098,SUP007,SKU00086,380,26-02-2023,03/16/2023,In Transit
PO001099,SUP001,SKU00120,371,28-10-2024,15-12-2024,Delivered
PO001100,SUP013,SKU00101,459,18-08-2024,26-08-2024,Delivered
PO001101,SUP026,PROD00018,56,10-12-2023,22-12-2023,Delayed
PO001102,SUP009,SKU00041,217,11-01-2025,26-02-2025,Pending
PO001103,SUP021,PROD00132,184,09-06-2024,16-06-2024,Delivered
PO001104,SUP005,SKU00118,208,18-03-2024,01-05-2024,In Transit
PO001105,SUP001,ITM00036,203,01-02-2023,01-03-2023,In Transit
PO001106,SUP003,PROD00049,294,21-02-2025,11-03-2025,Delivered 
PO001107,SUP002,PRO00095,493,27-07-2024,11-09-2024,Delayed
PO001108,SUP011,ITM00065,363,26-01-2024,15-03-2024,Delivered
PO001109,SUP001,PROD00107,295,02-06-2023,27-06-2023,Cancelled
PO001110,SUP029,SKU00067,489,03-10-2024,08-10-2024,Delivered
PO001111,SUP002,PRO00052,128,06-08-2024,20-09-2024,Pending
PO001112,SUP007,PRO00007,148,25-08-2024,07-09-2024,Cancelled
PO001113,SUP025,ITM00058,232,24-06-2023,15-07-2023,Cancelled
PO001114,SUP028,SKU00079,538,24-06-2025,19-07-2025,Pending
PO001115,SUP011,PROD00187,64,10-06-2023,22-06-2023,In Transit
PO001116,SUP002,SKU00082,254,12-03-2023,19-12-2023,Delayed
PO001117,SUP016,PROD00090,318,18-09-2025,12-10-2025,Pending
PO001118,SUP007,PROD00174,171,,11-07-2024,Pending 
PO001119,SUP019,PRO00148,311,09-07-2023,20-08-2023,Pending
PO001120,SUP019,SKU00154,154,04-06-2024,19-06-2024,In Transit
PO001121,SUP025,PRO00146,290,08-05-2025,27-06-2025,Cancelled
PO001122,SUP018,PRO00060,330,03-04-2023,04-05-2023,Delayed
PO001123,SUP005,SKU00020,306,19-04-2023,15-05-2023,Delayed
PO001124,SUP006,ITM00200,491,,21-01-2025,Delivered
PO001125,SUP008,SKU00179,418,27-12-2024,18-01-2025,In Transit
PO001126,SUP011,PROD00168,386,10-04-2024,28-04-2024,Delayed
PO001127,SUP008,PRO00137,178,01-04-2025,06-05-2025,Cancelled
PO001128,SUP024,ITM00128,329,27-08-2023,03-10-2023,Delivered
PO001129,SUP010,PRO00162,178,19-06-2023,29-06-2023,Pending
PO001130,SUP011,SKU00082,480,21-02-2025,11-03-2025,Delivered
PO001131,SUP011,SKU00098,491,19-07-2024,09-08-2024,In Transit
PO001132,SUP014,PRO00163,409,26-12-2024,13-02-2025,Pending
PO001133,SUP023,ITM00011,518,06-03-2024,17-03-2024,Delivered
PO001134,SUP005,PROD00006,270,08-07-2023,28-07-2023,Delayed
PO001135,SUP025,PROD00084,74,11-03-2025,28-03-2025,Delivered
PO001136,SUP013,PRO00104,286,02-09-2023,20-09-2023,Cancelled
PO001137,SUP024,PROD00177,208,25-07-2025,09-09-2025,Delayed
PO001138,SUP014,PROD00080,184,19-05-2024,29-06-2024,Pending
PO001139,SUP001,PRO00014,522,21-11-2023,12/19/2023,Cancelled
PO001140,SUP009,PROD00199,455,01-03-2025,30-03-2025,Delayed
PO001141,SUP028,SKU00072,234,22-08-2024,08-10-2024,Delayed
PO001142,SUP011,ITM00175,468,10-11-2024,17-11-2024,Pending
PO001143,SUP001,ITM00134,292,03-11-2023,09-11-2023,Delivered
PO001144,SUP027,PRO00161,70,13-09-2024,29-09-2024,Pending
PO001145,SUP006,SKU00116,401,23-03-2023,12-05-2023,Delivered
PO001146,SUP002,PRO00100,410,28-07-2024,30-08-2024,Pending
PO001147,SUP008,SKU00020,448,22-11-2024,20-12-2024,In Transit
PO001148,SUP011,PROD00121,210,15-09-2024,06-10-2024,Pending
PO001149,SUP021,PROD00129,537,22-08-2024,31-08-2024,Pending
PO001150,SUP022,PROD00160,86,07/14/2023,22-07-2023,Cancelled
PO001151,SUP014,ITM00172,372,02-08-2024,29-08-2024,Cancelled
PO001152,SUP024,SKU00141,166,08-07-2023,25-08-2023,Cancelled
PO001153,SUP015,ITM00033,503,03-04-2023,30-04-2023,Delayed
PO001154,SUP028,PRO00028,182,11-06-2024,29-06-2024,Cancelled
PO001155,SUP001,PROD00184,509,11-05-2024,15-06-2024, Delayed
PO001156,SUP024,SKU00197,311,02-11-2023,22-11-2023,Delayed
PO001157,SUP002,PROD00059,387,01-08-2023,24-08-2023,In Transit
PO001158,SUP021,PRO00155,198,20-02-2025,01-04-2025,Delivered
PO001159,SUP007,SKU00079,345,07-01-2024,23-01-2024,In Transit
PO001160,SUP023,ITM00043,410,20-07-2023,28-08-2023,Pending
PO001161,SUP016,SKU00120,312,26-02-2024,03-03-2024,Delayed
PO001162,SUP008,ITM00091,408,10-03-2025,14-04-2025,Cancelled
PO001163,SUP008,PROD00075,312,03-10-2023,30-10-2023,Cancelled
PO001164,SUP009,SKU00186,329,15-07-2023,20-08-2023,Pending
PO001165,SUP007,PRO00038,517,07-03-2023,17-03-2023,Delayed
PO001166,SUP002,SKU00142,317,03-02-2025,10-02-2025,Pending
PO001167,SUP016,SKU00188,75,26-04-2024,12-06-2024,Delivered
PO001168,SUP005,PROD00059,331,18-02-2025,13-03-2025,Delivered
PO001169,SUP003,PROD00199,393,02-09-2023,26-09-2023,Cancelled
PO001170,SUP006,PRO00081,454,12-08-2023,25-08-2023,Delayed
PO001171,SUP016,ITM00096,467,13-06-2023,27-06-2023,In Transit
PO001172,SUP006,PROD00056,440,,24-03-2024,Cancelled
PO001173,SUP027,SKU00186,386,11-01-2024,14-02-2024,Pending
PO001174,SUP002,PROD00080,106,30-08-2023,06-09-2023,Pending
PO001175,SUP028,PROD00145,206,31-08-2025,17-10-2025,Delivered
PO001176,SUP027,PRO00053,526,28-11-2024,14-01-2025,Delivered
PO001177,SUP025,PRO00155,542,21-07-2025,09-08-2025, Pending
PO001178,SUP006,PRO00162,239,28-07-2025,08-09-2025,Delivered
PO001179,SUP027,PROD00153,67,22-09-2024,23-10-2024,In Transit
PO001180,SUP022,SKU00116,262,18-10-2023,27-11-2023,Cancelled
PO001181,SUP013,PROD00018,237,12-07-2025,06-08-2025,Cancelled
PO001182,SUP030,SKU00009,481,16-12-2023,26-01-2024,Cancelled
PO001183,SUP004,SKU00041,195,18-06-2025,22-07-2025,In Transit
PO001184,SUP004,ITM00105,373,21-02-2023,29-03-2023,Pending
PO001185,SUP018,PRO00097,416,26-12-2023,03-02-2024,Cancelled
PO001186,SUP018,SKU00197,523,14-05-2023,27-05-2023,Cancelled
PO001187,SUP022,PROD00171,305,01-08-2025,30-08-2025,Cancelled
PO001188,SUP025,ITM00040,398,12-01-2024,01-03-2024,Pending
PO001189,SUP025,SKU00082,379,29-09-2025,09-11-2025,Delayed
PO001190,SUP014,PROD00121,161,04-06-2025,18-06-2025,In Transit
PO001191,SUP022,PROD00044,199,16-09-2025,01-11-2025,Pending
PO001192,SUP009,SKU00124,273,22-08-2025,04-09-2025,Delayed
PO001193,SUP006,ITM00036,536,11-11-2024,23-12-2024,Delivered
PO001194,SUP021,PRO00104,341,03-02-2025,06-03-2025,Pending
PO001195,SUP014,PRO00039,269,26-02-2024,28-03-2024,Delivered
PO001196,SUP029,PRO00003,336,13-04-2025,26-04-2025,Delayed
PO001197,SUP019,PRO00095,421,31-08-2024,16-10-2024,Delayed
PO001198,SUP012,ITM00011,144,15-05-2023,12-06-2023,Delivered
PO001199,SUP002,PRO00097,460,05-08-2023,26-08-2023,Delivered
PO001200,SUP023,PRO00156,168,19-06-2023,18-07-2023,Pending
PO001201,SUP015,PRO00030,296,20-03-2024,02-05-2024,In Transit
PO001202,SUP008,PROD00123,145,07-12-2023,16-12-2023,Cancelled
PO001203,SUP016,ITM00134,419,16-02-2025,10-03-2025,Cancelled
PO001204,SUP004,SKU00116,472,02-05-2023,10-06-2023,Delayed
PO001205,SUP006,PROD00184,279,28-03-2025,20-04-2025,Pending
PO001206,SUP019,SKU00169,257,04-06-2024,23-06-2024,Cancelled
PO001207,SUP011,PRO00148,191,30-07-2025,24-08-2025,In Transit
PO001208,SUP019,SKU00002,111,07-01-2023,01/29/2023,Pending
PO001209,SUP021,PROD00165,468,28-03-2023,07-04-2023,Cancelled
PO001210,SUP007,PRO00081,264,27-07-2023,10-08-2023,In Transit
PO001211,SUP024,PROD00153,128,08-05-2025,16-05-2025,In Transit
PO001212,SUP010,SKU00138,250,11-07-2025,17-08-2025,In Transit
PO001213,SUP001,SKU00079,546,05-03-2023,29-03-2023,Pending
PO001214,SUP017,ITM00158,287,27-01-2023,02-02-2023,Pending
PO001215,SUP004,PRO00066,226,05-04-2024,10-05-2024,Delivered
PO001216,SUP014,ITM00070,213,25-11-2023,03-12-2023,Delayed
PO001217,SUP001,PRO00003,275,28-05-2025,23-06-2025, Delivered
PO001218,SUP001,SKU00026,132,14-01-2024,01-03-2024,Cancelled
PO001219,SUP006,PRO00087,142,10-02-2024,30-10-2024,Pending
PO001220,SUP003,PROD00106,213,16-08-2024,13-09-2024,Delivered
PO001221,SUP023,PRO00156,385,08-02-2024,17-02-2024,Pending
PO001222,SUP017,ITM00126,104,09-05-2024,28-09-2024,Delivered
PO001223,SUP017,SKU00031,464,01-02-2025,02-03-2025,Delayed
PO001224,SUP001,ITM00176,342,23-07-2024,14-08-2024,Delivered
PO001225,SUP001,ITM00139,259,12-12-2024,22-12-2024,Delivered
PO001226,SUP017,SKU00009,145,21-10-2024,17-11-2024,In Transit
PO001227,SUP001,ITM00070,61,06-12-2023,11-01-2024,Cancelled
PO001228,SUP015,PRO00052,267,14-05-2025,16-06-2025,Delivered
PO001229,SUP013,SKU00181,352,19-03-2025,06-04-2025, Pending 
PO001230,SUP020,PROD00004,243,01-04-2023,11-05-2023,Delivered
PO001231,SUP030,SKU00173,168,27-09-2023,14-10-2023,Cancelled
PO001232,SUP011,PRO00019,443,12-04-2023,03-05-2023,Delivered
PO001233,SUP023,PRO00010,441,12-08-2023,01-10-2023,In Transit
PO001234,SUP018,SKU00169,433,15-08-2023,10-09-2023,Cancelled
PO001235,SUP008,PRO00060,98,14-05-2025,30-05-2025,Delayed
PO001236,SUP008,SKU00194,265,13-12-2024,08-01-2025,Cancelled
PO001237,SUP023,ITM00023,467,19-07-2024,07-09-2024,Pending
PO001238,SUP012,PRO00180,147,09-03-2023,16-04-2023,Pending
PO001239,SUP017,ITM00025,224,12-11-2023,17-11-2023, In Transit 
PO001240,SUP030,PROD00059,494,07/14/2024,09-08-2024,Pending
PO001241,SUP010,ITM00110,282,03-11-2023,16-11-2023,Delayed
PO001242,SUP024,PRO00076,506,08-07-2023,23-07-2023,Cancelled
PO001243,SUP028,PRO00198,491,27-05-2025,02-07-2025,Pending
PO001244,SUP009,ITM00070,91,01-09-2023,29-09-2023,Delayed
PO001245,SUP008,SKU00089,105,29-05-2024,13-07-2024,Pending
PO001246,SUP017,SKU00122,183,07-11-2023,07-12-2023,In Transit
PO001247,SUP019,PROD00160,363,14-06-2024,27-06-2024,Delivered
PO001248,SUP010,PRO00180,,15-09-2023,01-11-2023,Delayed
PO001249,SUP012,PROD00056,451,02-07-2025,15-08-2025,Delayed
PO001250,SUP027,SKU00141,504,25-08-2024,17-09-2024,Cancelled
PO001251,SUP015,ITM00114,211,22-07-2024,10-09-2024,Cancelled
PO001252,SUP024,SKU00130,391,31-08-2024,24-09-2024,Delivered
PO001253,SUP026,ITM00071,69,13-05-2025,31-05-2025,In Transit
PO001254,SUP028,ITM00114,346,15-10-2023,29-11-2023,Delayed
PO001255,SUP001,PRO00155,207,04-07-2023,03-08-2023,In Transit
PO001256,SUP016,PROD00073,489,07-05-2025,03-06-2025,Pending
PO001257,SUP023,PRO00163,284,30-05-2025,30-06-2025,Pending
PO001258,SUP027,PRO00055,416,04-05-2024,24-05-2024, Cancelled
PO001259,SUP005,SKU00179,269,30-09-2023,06-11-2023,Delayed
PO001260,SUP001,SKU00088,139,22-05-2023,12-06-2023,Cancelled
PO001261,SUP014,ITM00175,160,11-11-2023,27-12-2023,Delivered
PO001262,SUP028,SKU00046,532,16-12-2023,22-01-2024,Pending
PO001263,SUP017,PROD00048,490,26-03-2024,31-03-2024,In Transit
PO001264,SUP001,SKU00009,492,19-05-2023,08-07-2023,Delayed
PO001265,SUP020,PRO00092,103,12-03-2023,18-03-2023,Pending
PO001266,SUP011,PRO00085,323,09-06-2023,07/16/2023,Delivered
PO001267,SUP021,SKU00190,308,23-05-2023,12-07-2023,Delivered
PO001268,SUP009,PROD00049,209,25-01-2023,14-02-2023,Pending
PO001269,SUP021,PRO00087,99,17-07-2024,08-12-2024,In Transit
PO001270,SUP016,PRO00013,505,,15-10-2024,Delivered
PO001271,SUP005,SKU00173,315,09-10-2023,31-10-2023,In Transit
PO001272,SUP007,ITM00114,51,30-01-2023,13-03-2023,Cancelled
PO001273,SUP007,PROD00149,60,29-05-2023,28-06-2023,Pending
PO001274,SUP021,ITM00021,148,05-08-2025,04-09-2025,Delivered
PO001275,SUP021,PRO00183,194,26-08-2023,06-09-2023,Cancelled
PO001276,SUP011,PRO00019,414,14-05-2023,15-06-2023,Pending
PO001277,SUP022,ITM00040,301,28-07-2024,09-08-2024,In Transit
PO001278,SUP010,ITM00134,235,02-07-2024,16-08-2024,Delayed
PO001279,SUP024,SKU00170,366,12-11-2023,23-12-2023,Cancelled
PO001280,SUP025,SKU00079,490,10-09-2024,11-10-2024,In Transit
PO001281,SUP028,PRO00038,169,14-08-2023,08-09-2023,Cancelled
PO001282,SUP012,ITM00127,233,26-08-2023,14-09-2023,Cancelled
PO001283,SUP026,PRO00030,481,30-06-2025,25-07-2025,Delivered
PO001284,SUP006,PRO00150,66,09-09-2023,28-09-2023,In Transit
PO001285,SUP017,SKU00009,104,17-03-2025,22-04-2025,Delivered
PO001286,SUP026,PRO00137,407,20-10-2024,23-11-2024,Delayed
PO001287,SUP019,SKU00069,230,20-07-2025,11-08-2025,Delayed
PO001288,SUP003,PROD00123,51,08-06-2024,13-06-2024,Delivered
PO001289,SUP024,PRO00100,283,23-06-2025,28-06-2025,In Transit
PO001290,SUP019,ITM00175,,17-06-2025,08-07-2025,Pending
PO001291,SUP020,ITM00112,53,13-12-2024,31-12-2024,In Transit
PO001292,SUP024,PROD00045,522,15-01-2025,27-02-2025,Pending
PO001293,SUP029,PROD00018,76,04-03-2025,10-04-2025,Delayed
PO001294,SUP010,PRO00027,353,15-08-2024,23-09-2024,Delayed
PO001295,SUP015,SKU00122,228,19-12-2024,24-01-2025,Delayed
PO001296,SUP024,SKU00067,298,30-04-2023,05/17/2023,Delivered
PO001297,SUP012,SKU00179,264,16-08-2024,23-09-2024, In Transit 
PO001298,SUP012,PROD00191,494,07-10-2024,21-10-2024,Delivered
PO001299,SUP012,PROD00153,547,01-03-2025,14-03-2025, Delayed
PO001300,SUP020,PRO00100,437,22-07-2023,20-08-2023,Cancelled
PO001301,SUP024,ITM00200,229,10-11-2023,11-12-2023,Delayed
PO001302,SUP006,ITM00158,373,26-08-2024,17-09-2024,Pending
PO001303,SUP030,SKU00169,170,,18-09-2023,Pending
PO001304,SUP020,SKU00041,125,21-01-2024,10-03-2024,Pending
PO001305,SUP021,PROD00080,247,13-12-2023,23-01-2024,
PO001306,SUP023,PROD00062,549,03-04-2025,11-04-2025,Delivered
PO001307,SUP030,PRO00104,87,30-04-2024,15-06-2024,Pending
PO001308,SUP018,SKU00159,238,03-12-2023,03-01-2024,Delayed
PO001309,SUP029,PROD00187,195,13-01-2024,31-01-2024,In Transit
PO001310,SUP008,ITM00096,359,30-06-2024,24-07-2024,In Transit
PO001311,SUP023,SKU00067,215,23-12-2024,02-11-2025,In Transit
PO001312,SUP020,ITM00058,480,27-03-2025,14-04-2025,Delayed
PO001313,SUP019,SKU00069,137,16-08-2024,24-08-2024,Delivered
PO001314,SUP020,PRO00133,104,20-11-2024,21-12-2024,Pending
PO001315,SUP030,PRO00060,469,24-11-2024,25-12-2024,In Transit
PO001316,SUP025,PROD00117,69,12-11-2024,06-12-2024,Pending
PO001317,SUP018,ITM00070,133,11-02-2023,18-02-2023,Cancelled
PO001318,SUP016,PRO00076,175,29-12-2024,10-01-2025,Delayed
PO001319,SUP028,PROD00016,449,18-05-2024,24-06-2024,Pending
PO001320,SUP027,PROD00136,460,15-09-2024,10/18/2024,Delivered
PO001321,SUP001,ITM00172,164,06-01-2025,15-01-2025, Cancelled
PO001322,SUP024,ITM00011,91,18-03-2024,29-03-2024,Delayed
PO001323,SUP005,PRO00109,96,14-11-2023,02-12-2023,Delivered
PO001324,SUP023,PROD00016,436,09-03-2025,25-04-2025,Pending
PO001325,SUP015,ITM00099,531,20-09-2025,12-10-2025,Pending
PO001326,SUP028,PRO00109,136,,09-08-2025,In Transit
PO001327,SUP023,ITM00111,95,,19-02-2024,Cancelled
PO001328,SUP001,PRO00053,165,20-09-2025,29-09-2025,Delivered
PO001329,SUP021,PRO00042,477,27-11-2023,19-12-2023,In Transit
PO001330,SUP012,SKU00186,317,14-07-2023,28-07-2023,Delivered
PO001331,SUP030,PRO00017,343,17-08-2024,20-09-2024,Delivered
PO001332,SUP030,PROD00107,152,02-03-2023,07-03-2023,Delivered
PO001333,SUP004,ITM00158,331,26-08-2024,02-09-2024,Delivered
PO001334,SUP005,PRO00066,292,07/21/2025,06-08-2025,Pending
PO001335,SUP028,SKU00188,255,07-08-2024,09/14/2024,Pending
PO001336,SUP011,ITM00001,387,,02-07-2024,Delayed
PO001337,SUP023,ITM00065,267,04-07-2023,18-07-2023,Pending
PO001338,SUP005,PRO00195,181,10-01-2024,20-02-2024,Delayed
PO001339,SUP003,PROD00024,498,03-02-2025,28-02-2025,Delivered
PO001340,SUP023,PROD00056,183,19-12-2023,31-12-2023,In Transit
PO001341,SUP010,PRO00148,402,20-01-2025,14-02-2025,Delivered
PO001342,SUP017,PROD00178,245,22-02-2023,12-04-2023,Cancelled
PO001343,SUP001,SKU00196,226,10-04-2025,11-05-2025,Cancelled
PO001344,SUP016,PROD00056,135,01/16/2024,18-02-2024,Cancelled
PO001345,SUP006,PROD00018,198,25-02-2023,10-03-2023,Cancelled
PO001346,SUP024,SKU00179,417,15-09-2023,24-10-2023,Delivered
PO001347,SUP023,SKU00103,180,22-08-2023,13-09-2023,
PO001348,SUP016,PROD00182,339,16-11-2023,21-11-2023,In Transit
PO001349,SUP021,PROD00048,,10-02-2023,04-03-2023,Delivered 
PO001350,SUP001,PROD00008,528,27-07-2025,10-09-2025,Delivered
PO001351,SUP011,ITM00139,219,12-03-2023,06-04-2023,Delivered
PO001352,SUP017,PROD00008,402,09-05-2025,13-06-2025,Delivered
PO001353,SUP011,PRO00038,68,16-03-2024,28-03-2024,Delivered
PO001354,SUP030,SKU00170,119,15-02-2023,04-03-2023,Pending
PO001355,SUP001,PROD00174,541,30-08-2025,09-10-2025,Cancelled
PO001356,SUP019,SKU00169,68,24-08-2024,02-10-2024,In Transit
PO001357,SUP028,ITM00021,540,14-05-2024,31-05-2024,Delayed
PO001358,SUP013,PROD00107,453,09-12-2023,21-01-2024,Delivered
PO001359,SUP026,PRO00022,338,02-08-2024,10-08-2024, In Transit
PO001360,SUP014,SKU00194,125,25-08-2024,24-09-2024,In Transit 
PO001361,SUP016,ITM00015,549,21-03-2023,26-03-2023,Delivered
PO001362,SUP017,PRO00180,524,28-08-2023,20-09-2023,In Transit
PO001363,SUP002,ITM00058,220,07-06-2025,26-07-2025,Pending
PO001364,SUP006,PROD00178,489,05-02-2023,14-02-2023,In Transit
PO001365,SUP023,SKU00122,376,26-02-2023,07-04-2023,Delivered
PO001366,SUP023,PROD00165,428,,24-07-2024,Delayed
PO001367,SUP015,ITM00063,414,11-03-2025,26-03-2025,In Transit
PO001368,SUP010,PRO00157,242,18-12-2024,09-01-2025,In Transit
PO001369,SUP026,PRO00078,142,21-04-2025,05-05-2025,Pending
PO001370,SUP017,PRO00162,472,13-05-2025,29-05-2025,In Transit
PO001371,SUP017,SKU00082,273,31-03-2023,09-04-2023,Pending
PO001372,SUP012,PROD00153,322,28-11-2023,18-12-2023,Cancelled
PO001373,SUP030,ITM00036,497,14-02-2025,04-03-2025,Pending
PO001374,SUP017,SKU00143,66,07-01-2023,18-01-2023,In Transit
PO001375,SUP017,SKU00098,276,10-01-2024,17-02-2024,
PO001376,SUP009,SKU00086,395,21-08-2023,25-09-2023,Pending
PO001377,SUP025,PRO00068,101,02-04-2024,03-03-2024,Delayed
PO001378,SUP007,PROD00117,243,23-01-2024,28-02-2024,In Transit
PO001379,SUP023,PROD00132,99,28-07-2024,27-08-2024,Cancelled
PO001380,SUP007,SKU00035,470,25-03-2024,04-05-2024,Cancelled
PO001381,SUP022,PRO00161,320,18-12-2023,01-02-2024,Cancelled
PO001382,SUP015,PRO00076,425,05-12-2023,28-12-2023,Pending
PO001383,SUP010,ITM00043,545,08-05-2024,18-05-2024,Cancelled
PO001384,SUP017,SKU00141,324,18-06-2023,11-07-2023,Delayed
PO001385,SUP022,PROD00192,126,22-04-2024,17-05-2024,Pending
PO001386,SUP029,PROD00107,236,09-06-2023,17-07-2023,Pending
PO001387,SUP011,PRO00133,207,01-12-2024,06-12-2024,In Transit
PO001388,SUP002,PRO00156,448,25-05-2025,04-07-2025,Pending
PO001389,SUP005,PROD00102,188,04-04-2025,13-05-2025,Cancelled
PO001390,SUP018,PROD00165,482,31-07-2023,14-08-2023,Delivered
PO001391,SUP027,PROD00080,62,07-08-2024,15-08-2024,Pending
PO001392,SUP021,SKU00196,311,02-11-2024,24-11-2024,
PO001393,SUP026,PRO00148,399,12-12-2024,31-01-2025,Delivered
PO001394,SUP020,SKU00082,464,01-01-2025,02-10-2025,Cancelled
PO001395,SUP013,SKU00067,353,19-12-2024,26-12-2024,Pending
PO001396,SUP021,PRO00032,61,16-05-2023,03-07-2023,Pending 
PO001397,SUP012,ITM00071,518,09-08-2023,22-08-2023,Pending
PO001398,SUP022,SKU00020,505,05-06-2023,28-06-2023,Delivered
PO001399,SUP019,ITM00036,113,24-08-2024,04-10-2024,Pending
PO001400,SUP030,SKU00190,226,29-03-2023,04/21/2023,In Transit
PO001401,SUP023,ITM00077,429,29-09-2025,07-11-2025,Pending
PO001402,SUP003,SKU00138,468,05-11-2023,09-12-2023,Delivered
PO001403,SUP019,PRO00003,201,01-11-2023,20-12-2023,Pending
PO001404,SUP025,ITM00099,166,25-06-2024,08-01-2024,
PO001405,SUP014,PRO00074,118,20-04-2024,05/22/2024,Delayed
PO001406,SUP008,PRO00078,354,15-06-2024,23-07-2024,Delivered
PO001407,SUP008,PRO00068,465,29-08-2024,01-10-2024,Delayed
PO001408,SUP011,SKU00197,395,13-05-2023,27-06-2023,In Transit
PO001409,SUP001,ITM00077,128,03-10-2023,26-10-2023,Cancelled
PO001410,SUP024,SKU00186,415,19-08-2023,08-09-2023,In Transit
PO001411,SUP007,SKU00190,410,26-03-2024,02-05-2024,Cancelled
PO001412,SUP003,SKU00188,352,04-06-2024,27-06-2024,Cancelled
PO001413,SUP007,PRO00042,295,25-01-2023,02-03-2023,Delivered
PO001414,SUP022,ITM00036,135,19-12-2023,20-01-2024,Cancelled
PO001415,SUP017,ITM00036,320,01-09-2025,29-09-2025,In Transit
PO001416,SUP022,PROD00073,416,26-01-2024,13-02-2024,Delayed
PO001417,SUP007,PROD00016,76,18-10-2024,07-11-2024, Delivered
PO001418,SUP005,SKU00026,333,18-06-2023,26-07-2023,Cancelled
PO001419,SUP022,PROD00125,375,09-11-2023,18-11-2023,Pending
PO001420,SUP013,PROD00084,85,24-07-2025,08-08-2025,Pending
PO001421,SUP007,PROD00192,307,10-02-2025,13-03-2025,Delayed
PO001422,SUP013,ITM00015,161,12-05-2025,04-06-2025,In Transit
PO001423,SUP014,PRO00076,413,03-09-2023,22-09-2023,Cancelled
PO001424,SUP015,ITM00110,538,12-04-2024,29-05-2024,
PO001425,SUP027,PRO00195,482,25-10-2023,06-12-2023,In Transit
PO001426,SUP006,ITM00099,404,15-03-2024,01-04-2024,Pending
PO001427,SUP008,PROD00106,381,26-08-2025,01-09-2025,In Transit
PO001428,SUP016,SKU00026,95,29-03-2023,08-04-2023,Pending
PO001429,SUP027,PRO00052,99,09/19/2023,22-10-2023,Pending
PO001430,SUP029,ITM00021,322,13-07-2024,28-08-2024,Delivered
PO001431,SUP003,SKU00067,399,27-07-2024,12-08-2024,Delivered
PO001432,SUP017,ITM00011,220,07-08-2024,20-09-2024,In Transit
PO001433,SUP013,PRO00047,357,27-09-2023,08-11-2023,Cancelled
PO001434,SUP012,PRO00022,342,25-04-2023,31-05-2023,Delivered
PO001435,SUP001,PRO00038,,06-11-2024,17-11-2024,Delayed
PO001436,SUP020,SKU00069,539,26-03-2025,08-04-2025,Cancelled
PO001437,SUP011,ITM00096,441,23-05-2025,15-06-2025,In Transit
PO001438,SUP018,PROD00048,104,07-12-2023,11-01-2024,Delivered
PO001439,SUP022,ITM00105,365,17-06-2025,08-07-2025,Cancelled
PO001440,SUP018,PRO00029,549,24-10-2024,05-11-2024,Delayed
PO001441,SUP003,ITM00043,220,05-04-2025,13-05-2025,In Transit
PO001442,SUP011,SKU00141,362,27-07-2024,11-08-2024,Delayed
PO001443,SUP001,SKU00031,168,26-07-2025,16-08-2025, Delayed
PO001444,SUP019,ITM00105,263,13-05-2024,02-06-2024,In Transit
PO001445,SUP001,SKU00020,176,22-03-2024,29-04-2024,Cancelled
PO001446,SUP012,PRO00029,541,06-09-2024,18-09-2024,Delivered
PO001447,SUP024,PRO00163,381,13-07-2023,23-08-2023,Cancelled
PO001448,SUP001,SKU00089,340,27-07-2024,07-09-2024,Cancelled
PO001449,SUP017,ITM00023,95,17-04-2023,12-05-2023,Cancelled
PO001450,SUP026,SKU00143,112,09-08-2025,23-08-2025,Pending
PO001451,SUP023,PROD00132,165,01-12-2023,09-01-2024,Cancelled
PO001452,SUP030,PRO00085,488,22-11-2024,12-12-2024,
PO001453,SUP022,PROD00178,536,15-03-2023,28-03-2023,Pending
PO001454,SUP011,PRO00076,255,26-09-2025,25-10-2025,Cancelled
PO001455,SUP006,PROD00080,162,23-03-2025,13-04-2025,Delivered
PO001456,SUP022,SKU00197,272,20-06-2023,26-07-2023,Delivered
PO001457,SUP009,PROD00129,52,28-01-2025,12-03-2025,In Transit
PO001458,SUP018,SKU00194,362,05-02-2025,12-05-2025,Cancelled
PO001459,SUP012,SKU00188,437,05-09-2023,13-10-2023,Delayed
PO001460,SUP004,PROD00090,176,20-06-2025,30-06-2025,Pending
PO001461,SUP017,SKU00140,281,05-03-2024,12-04-2024,Pending
PO001462,SUP002,SKU00194,142,19-08-2025,11-09-2025,In Transit
PO001463,SUP019,SKU00169,495,19-10-2024,24-10-2024,Delayed
PO001464,SUP003,ITM00176,362,13-09-2025,09-10-2025,Pending
PO001465,SUP003,ITM00176,204,14-11-2023,26-11-2023,Pending
PO001466,SUP015,PRO00074,107,08-01-2023,09-02-2023,In Transit
PO001467,SUP013,SKU00124,518,11-04-2024,13-05-2024,Delayed
PO001468,SUP002,PRO00005,314,29-09-2023,11-10-2023,Delivered
PO001469,SUP015,PRO00010,398,05-05-2024,21-06-2024,In Transit
PO001470,SUP003,ITM00110,454,06-09-2023,15-10-2023,In Transit
PO001471,SUP013,PROD00149,134,20-03-2024,19-04-2024,Delayed
PO001472,SUP002,PRO00162,533,26-08-2024,19-09-2024,Pending
PO001473,SUP006,ITM00127,,24-06-2023,10-08-2023,In Transit
PO001474,SUP029,PRO00081,461,27-07-2025,13-09-2025,Delivered
PO001475,SUP018,PRO00092,54,25-10-2024,06-12-2024,Delivered
PO001476,SUP019,SKU00061,381,14-12-2024,28-01-2025,Delivered
PO001477,SUP005,PRO00053,76,03-12-2023,07-01-2024,Cancelled
PO001478,SUP030,PROD00171,79,09/20/2023,02-10-2023,Delayed
PO001479,SUP024,ITM00070,437,21-02-2023,30-03-2023,Delivered
PO001480,SUP004,SKU00141,505,07-08-2023,19-08-2023,In Transit
PO001481,SUP013,PROD00117,404,06-02-2025,05-03-2025,Pending
PO001482,SUP014,PRO00155,318,06-04-2024,20-04-2024,In Transit
PO001483,SUP027,SKU00143,280,12-06-2025,31-07-2025,Pending
PO001484,SUP005,SKU00086,144,12-09-2024,25-09-2024,Delivered
PO001485,SUP025,PRO00087,179,11-02-2024,05-03-2024, Delivered 
PO001486,SUP005,SKU00041,232,04-04-2023,14-05-2023,Delivered
PO001487,SUP025,SKU00002,162,12-07-2023,05-08-2023,Delayed
PO001488,SUP029,ITM00058,68,16-07-2023,26-08-2023,Cancelled
PO001489,SUP003,PROD00121,489,07-05-2025,15-06-2025,Cancelled
PO001490,SUP010,PROD00008,369,02-03-2023,31-03-2023,Pending
PO001491,SUP026,PROD00102,181,20-07-2023,11-08-2023,Pending
PO001492,SUP030,SKU00057,185,01-03-2023,06-04-2023,Pending
PO001493,SUP023,ITM00096,75,20-04-2024,11-05-2024,Pending
PO001494,SUP022,PRO00012,170,07/25/2025,13-09-2025,Cancelled
PO001495,SUP021,PRO00060,201,15-09-2024,03-11-2024,Pending
PO001496,SUP013,PRO00137,472,29-12-2023,06-01-2024,Delivered
PO001497,SUP019,PROD00102,488,27-05-2025,22-06-2025,In Transit
PO001498,SUP015,ITM00043,172,19-04-2025,01-05-2025,Delayed
PO001499,SUP005,PROD00006,353,05-02-2024,23-02-2024,Cancelled
PO001500,SUP028,PROD00160,287,12-05-2025,19-05-2025,Cancelled
PO001501,SUP030,PRO00180,290,17-06-2025,20-07-2025,Delivered
PO001502,SUP014,ITM00058,153,17-02-2025,05-04-2025,In Transit
PO001503,SUP012,SKU00143,156,25-12-2024,27-01-2025,Delayed
PO001504,SUP028,PRO00161,135,09-10-2024,02-11-2024,Cancelled
PO001505,SUP004,ITM00113,508,22-05-2023,24-06-2023,In Transit
PO001506,SUP028,PRO00161,252,26-08-2025,22-09-2025,Delayed
PO001507,SUP027,PRO00039,256,19-10-2024,12-11-2024,Delayed
PO001508,SUP011,ITM00001,118,11-07-2023,19-12-2023,Delivered
PO001509,SUP024,PROD00149,308,08-12-2024,29-12-2024,Delayed
PO001510,SUP021,ITM00036,206,30-06-2024,14-08-2024,Delayed
PO001511,SUP013,SKU00079,467,26-02-2025,08-03-2025,Delayed
PO001512,SUP018,PRO00163,500,04-03-2025,25-03-2025,Pending
PO001513,SUP024,ITM00172,154,10-04-2025,27-05-2025,In Transit
PO001514,SUP020,ITM00040,244,16-03-2025,14-04-2025,Delayed
PO001515,SUP003,SKU00169,373,24-05-2025,27-06-2025,Cancelled
PO001516,SUP002,PROD00192,435,21-10-2023,29-10-2023,In Transit
PO001517,SUP009,ITM00158,217,03-08-2023,18-08-2023,Delayed
PO001518,SUP014,PRO00078,333,14-07-2024,20-08-2024,Cancelled
PO001519,SUP029,PRO00019,91,01-12-2024,25-12-2024,Cancelled
PO001520,SUP002,PRO00157,111,26-08-2024,14-10-2024,Pending
PO001521,SUP012,PROD00136,455,31-08-2025,10-09-2025,Delayed
PO001522,SUP005,SKU00118,268,27-12-2023,28-01-2024,Delivered
PO001523,SUP005,SKU00079,439,30-11-2023,15-01-2024,Pending
PO001524,SUP019,PROD00153,343,05-01-2023,14-01-2023,In Transit
PO001525,SUP011,ITM00105,439,20-02-2023,07-04-2023,Cancelled
PO001526,SUP011,PRO00081,297,29-12-2024,13-02-2025,Cancelled
PO001527,SUP026,PRO00131,252,19-04-2025,05-05-2025,Delayed
PO001528,SUP002,PROD00153,241,18-11-2023,05-01-2024,Delayed
PO001529,SUP019,PROD00016,265,19-11-2023,06-01-2024,Delivered
PO001530,SUP023,ITM00114,533,04-05-2023,12-05-2023,Pending
PO001531,SUP026,SKU00093,100,11-06-2024,17-06-2024,Delivered
PO001532,SUP016,ITM00111,413,31-01-2024,05-03-2024,Cancelled
PO001533,SUP014,ITM00189,67,09-01-2025,10-02-2025,Delivered
PO001534,SUP007,PROD00165,383,27-08-2024,01-10-2024,Pending
PO001535,SUP008,PRO00076,475,03-04-2024,13-05-2024,Delivered
PO001536,SUP006,PROD00059,277,18-07-2023,25-08-2023,Cancelled
PO001537,SUP030,PROD00145,439,19-02-2023,26-03-2023,Delivered
PO001538,SUP024,PRO00052,257,10-09-2025,27-09-2025,Cancelled
PO001539,SUP029,ITM00040,536,13-04-2024,22-05-2024,Cancelled
PO001540,SUP001,PRO00131,236,21-08-2024,24-09-2024,In Transit
PO001541,SUP025,ITM00063,450,07-08-2025,28-08-2025,In Transit
PO001542,SUP018,PRO00029,321,18-04-2023,07-05-2023,Pending
PO001543,SUP024,SKU00181,168,09-06-2023,13-07-2023,Delayed
PO001544,SUP019,SKU00196,188,15-02-2023,04-04-2023,Pending
PO001545,SUP003,PRO00012,353,24-03-2023,28-04-2023,Pending
PO001546,SUP030,ITM00021,432,09-07-2023,07/15/2023,In Transit
PO001547,SUP008,PRO00039,244,31-07-2024,11-09-2024,In Transit
PO001548,SUP014,PROD00123,500,18-05-2023,04-06-2023,In Transit
PO001549,SUP002,SKU00122,461,28-11-2023,05-01-2024,Cancelled
PO001550,SUP016,SKU00089,,27-03-2025,20-04-2025,Delivered
PO001551,SUP022,ITM00175,140,15-03-2023,31-03-2023,In Transit
PO001552,SUP007,ITM00112,329,12-03-2024,29-03-2024,Pending
PO001553,SUP017,SKU00103,330,10-01-2023,15-02-2023,Pending
PO001554,SUP019,PRO00193,94,03-07-2023,29-07-2023,Delivered
PO001555,SUP022,PRO00074,,10-12-2023,24-12-2023,Delivered
PO001556,SUP004,SKU00169,514,20-04-2023,05-06-2023, Delivered
PO001557,SUP030,SKU00138,397,17-08-2025,17-09-2025,In Transit
PO001558,SUP012,PRO00029,421,09-08-2025,18-08-2025,Delivered
PO001559,SUP002,SKU00190,176,11-07-2023,24-07-2023,Pending
PO001560,SUP004,PROD00184,342,26-08-2023,01-09-2023,Delayed
PO001561,SUP016,SKU00035,110,14-11-2024,25-11-2024,Pending
PO001562,SUP020,ITM00110,445,20-08-2025,28-09-2025,In Transit
PO001563,SUP017,PROD00108,137,23-11-2024,13-12-2024,Delayed
PO001564,SUP019,PRO00183,542,28-03-2023,13-04-2023,Delivered
PO001565,SUP004,SKU00093,437,20-01-2024,04-03-2024,Cancelled
PO001566,SUP030,ITM00001,425,04-01-2024,07-05-2024,In Transit
PO001567,SUP004,SKU00194,459,21-11-2024,18-12-2024,Pending
PO001568,SUP026,PRO00076,338,01/25/2025,18-02-2025,In Transit
PO001569,SUP012,SKU00197,135,03-05-2025,17-05-2025,Delivered
PO001570,SUP022,PRO00161,281,15-07-2023,03-08-2023,In Transit
PO001571,SUP020,PRO00133,331,29-09-2025,12-10-2025,Delivered
PO001572,SUP013,ITM00127,536,28-11-2024,15-01-2025,In Transit
PO001573,SUP014,SKU00130,208,26-09-2023,30-10-2023,
PO001574,SUP005,PRO00104,238,19-07-2025,28-08-2025,Delivered
PO001575,SUP011,SKU00124,440,13-07-2024,28-08-2024,Delayed
PO001576,SUP007,PRO00007,342,01-11-2023,14-12-2023,Delayed
PO001577,SUP003,PROD00145,98,12-05-2024,17-05-2024,Pending
PO001578,SUP006,PRO00137,517,28-01-2023,19-02-2023,Delivered
PO001579,SUP025,SKU00082,355,08-09-2025,13-09-2025,Delayed
PO001580,SUP011,PRO00007,127,08-05-2025,22-05-2025,Delayed
PO001581,SUP007,SKU00190,322,04-04-2025,20-05-2025,In Transit
PO001582,SUP022,ITM00139,516,09-03-2023,03-04-2023,Pending
PO001583,SUP001,PROD00008,297,14-07-2024,28-08-2024,
PO001584,SUP015,PROD00008,104,11-05-2024,18-05-2024,
PO001585,SUP011,ITM00036,187,21-07-2025,22-08-2025,Pending
PO001586,SUP024,ITM00200,541,12-11-2024,21-11-2024,Cancelled
PO001587,SUP030,ITM00043,184,25-03-2025,23-04-2025,Pending
PO001588,SUP004,SKU00140,85,22-07-2025,07-09-2025,Delivered
PO001589,SUP026,PRO00180,160,01-03-2025,28-03-2025,Cancelled
PO001590,SUP001,PROD00117,382,26-08-2023,28-09-2023, Pending
PO001591,SUP005,SKU00141,476,29-04-2025,25-05-2025,Delivered
PO001592,SUP020,PRO00007,547,09-04-2023,05/13/2023,Delivered
PO001593,SUP027,PROD00182,429,13-09-2024,01-11-2024,Pending
PO001594,SUP010,SKU00031,400,07-09-2023,13-09-2023,Delayed
PO001595,SUP014,PROD00044,475,24-02-2023,14-03-2023,In Transit
PO001596,SUP004,PROD00056,526,12-09-2023,02-10-2023,
PO001597,SUP016,ITM00172,142,25-05-2023,08-06-2023,Delivered
PO001598,SUP010,PROD00121,373,25-01-2024,08-02-2024,In Transit
PO001599,SUP013,PROD00178,501,28-07-2023,05-08-2023,In Transit
PO001600,SUP029,PRO00148,166,28-07-2025,22-08-2025,Delayed
PO001601,SUP012,PRO00115,114,01-09-2023,09-09-2023,Cancelled
PO001602,SUP008,SKU00190,98,19-09-2025,11-10-2025,Pending
PO001603,SUP002,SKU00188,499,10-05-2024,27-06-2024,Pending
PO001604,SUP015,PRO00081,146,06-02-2023,03-03-2023,In Transit
PO001605,SUP013,ITM00001,87,13-08-2025,22-09-2025,Cancelled
PO001606,SUP004,ITM00112,466,29-03-2024,05-05-2024,Delayed
PO001607,SUP020,SKU00173,60,22-01-2025,28-01-2025,Delayed
PO001608,SUP028,ITM00126,433,01-04-2024,21-05-2024,Delayed
PO001609,SUP019,PROD00059,177,10-05-2025,27-05-2025,Delivered
PO001610,SUP022,PRO00095,138,29-08-2025,11-10-2025,Cancelled
PO001611,SUP026,PRO00180,413,12-01-2025,01-03-2025,Delayed
PO001612,SUP004,PRO00053,488,18-09-2024,21-10-2024,Pending
PO001613,SUP010,ITM00071,370,09-09-2025,16-10-2025,Cancelled
PO001614,SUP030,SKU00088,446,22-05-2024,22-06-2024,Delayed
PO001615,SUP025,PRO00119,255,30-03-2025,09-04-2025,In Transit
PO001616,SUP007,SKU00082,180,10-09-2025,21-09-2025,In Transit
PO001617,SUP008,PRO00047,430,05-03-2023,22-03-2023,Cancelled
PO001618,SUP008,SKU00179,219,09-08-2024,14-09-2024,Cancelled
PO001619,SUP022,SKU00088,112,05-05-2024,25-05-2024,Delayed
PO001620,SUP022,ITM00065,531,05-02-2025,02-03-2025,Cancelled
PO001621,SUP018,SKU00009,247,07-08-2023,15-08-2023,Pending
PO001622,SUP028,ITM00096,203,09-08-2023,13-09-2023,Cancelled
PO001623,SUP012,ITM00176,528,17-08-2024,29-08-2024,Delayed
PO001624,SUP015,PRO00068,291,07-03-2023,14-03-2023,Cancelled
PO001625,SUP016,ITM00105,75,17-07-2025,22-08-2025,In Transit
PO001626,SUP029,PRO00055,413,16-02-2025,25-02-2025,Delivered
PO001627,SUP030,SKU00124,546,03-05-2024,08-05-2024,Pending
PO001628,SUP019,PRO00155,450,22-12-2024,22-01-2025,Delayed
PO001629,SUP029,SKU00179,52,28-04-2024,22-05-2024,Pending
PO001630,SUP021,PROD00129,482,23-08-2024,21-09-2024,Cancelled
PO001631,SUP001,PRO00017,55,11-06-2025,10-07-2025,Delivered
PO001632,SUP002,PROD00187,187,17-01-2023,31-01-2023,Delayed
PO001633,SUP016,SKU00067,297,03-05-2024,03-06-2024,Pending
PO001634,SUP008,PRO00074,396,26-09-2024,13-11-2024,In Transit
PO001635,SUP004,SKU00124,301,04-01-2023,16-02-2023,Pending
PO001636,SUP003,ITM00050,56,01-12-2024,22-12-2024,Pending
PO001637,SUP001,PROD00145,142,02-03-2024,29-03-2024,Cancelled
PO001638,SUP017,PRO00150,223,25-12-2023,17-01-2024,Cancelled
PO001639,SUP009,PROD00004,291,14-07-2023,15-08-2023,Delivered
PO001640,SUP025,PRO00100,118,09-11-2023,21-11-2023,Pending
PO001641,SUP015,SKU00142,234,05-11-2023,11-11-2023,Pending
PO001642,SUP003,SKU00054,329,02-09-2023,06-10-2023,Cancelled
PO001643,SUP010,ITM00111,157,19-03-2024,24-03-2024,Delivered
PO001644,SUP018,PRO00155,,15-04-2023,20-04-2023,Pending
PO001645,SUP011,ITM00175,129,,07-06-2024,Delayed
PO001646,SUP007,ITM00096,186,21-10-2024,20-11-2024,In Transit
PO001647,SUP010,PROD00168,461,10-05-2024,20-06-2024,Delivered
PO001648,SUP013,PRO00032,337,,06-04-2024,Delivered
PO001649,SUP024,PROD00125,241,12-06-2025,01-07-2025,Pending
PO001650,SUP013,PRO00146,234,03-02-2023,14-02-2023,Delivered
PO001651,SUP008,ITM00050,107,14-02-2023,12-03-2023,Cancelled
PO001652,SUP027,PRO00013,204,13-09-2025,30-09-2025,Delivered
PO001653,SUP025,PROD00160,192,13-03-2025,06-04-2025,In Transit
PO001654,SUP028,PROD00182,372,12-04-2024,05-05-2024,Pending
PO001655,SUP027,ITM00172,343,30-03-2024,15-05-2024,In Transit
PO001656,SUP007,SKU00088,340,24-01-2025,06-02-2025,Delivered
PO001657,SUP030,PROD00006,312,21-08-2023,27-09-2023,Delivered
PO001658,SUP002,ITM00065,175,26-09-2025,14-11-2025,Pending
PO001659,SUP018,SKU00143,208,10-03-2025,28-04-2025,Pending
PO001660,SUP011,SKU00116,397,15-12-2023,07-01-2024,Delivered
PO001661,SUP012,SKU00196,103,31-07-2025,16-08-2025,Pending
PO001662,SUP011,SKU00035,235,18-02-2024,26-03-2024,In Transit
PO001663,SUP019,SKU00083,433,15-10-2024,01-11-2024,Delayed
PO001664,SUP020,ITM00001,289,19-02-2024,02-03-2024,Cancelled
PO001665,SUP004,PROD00073,243,08-08-2025,21-08-2025,Delivered
PO001666,SUP018,PROD00153,460,07-10-2023,25-10-2023,Pending 
PO001667,SUP018,PROD00024,184,22-02-2024,09-04-2024,Cancelled
PO001668,SUP026,SKU00054,227,05-01-2025,12-02-2025,Delayed
PO001669,SUP020,SKU00035,111,30-03-2024,24-04-2024,Delayed
PO001670,SUP003,PROD00016,259,03-07-2025,24-03-2025,Delivered
PO001671,SUP030,PRO00005,456,12-02-2025,02-03-2025,In Transit
PO001672,SUP025,SKU00181,348,05-06-2025,18-06-2025, Delivered 
PO001673,SUP009,SKU00046,528,15-12-2023,03-02-2024,Pending
PO001674,SUP030,SKU00002,116,30-08-2024,10-10-2024,In Transit
PO001675,SUP005,SKU00143,250,15-06-2025,28-07-2025,Pending
PO001676,SUP030,PROD00160,52,20-09-2023,02-10-2023,Cancelled
PO001677,SUP026,SKU00138,447,14-05-2024,05-06-2024,Delivered
PO001678,SUP007,SKU00041,365,03-01-2023,15-01-2023,Pending
PO001679,SUP004,PROD00199,,30-01-2024,06-03-2024,Cancelled
PO001680,SUP004,PRO00151,88,14-03-2023,09-04-2023,In Transit 
PO001681,SUP003,PRO00066,395,13-10-2023,19-10-2023,Pending
PO001682,SUP020,ITM00176,57,30-06-2025,01-08-2025,In Transit
PO001683,SUP004,PROD00006,330,04-07-2023,08-10-2023,Cancelled
PO001684,SUP030,PROD00051,66,05-05-2025,18-05-2025,Delivered
PO001685,SUP001,ITM00189,430,30-12-2023,17-02-2024,Pending
PO001686,SUP030,PROD00018,279,11-08-2025,13-09-2025,Delivered
PO001687,SUP028,PRO00180,475,14-02-2023,21-02-2023,
PO001688,SUP005,ITM00036,352,12-06-2025,02-07-2025,In Transit
PO001689,SUP001,PROD00145,188,07-04-2024,18-04-2024,Cancelled
PO001690,SUP017,PRO00162,346,30-10-2024,14-12-2024,Pending
PO001691,SUP003,PRO00060,365,11-03-2025,04-04-2025,In Transit
PO001692,SUP010,PRO00150,,02-03-2025,08-03-2025,Delivered
PO001693,SUP026,ITM00071,488,12-04-2025,29-04-2025,Cancelled
PO001694,SUP010,ITM00021,228,21-04-2024,30-04-2024, Pending
PO001695,SUP009,PROD00125,171,15-06-2025,19-07-2025,Pending
PO001696,SUP009,PROD00174,428,23-07-2025,30-08-2025,Delayed
PO001697,SUP012,SKU00093,444,05-12-2023,23-01-2024,Delayed
PO001698,SUP016,PROD00147,102,11-07-2025,23-07-2025,Pending
PO001699,SUP012,PROD00051,399,29-03-2024,06-05-2024,Delivered
PO001700,SUP028,PRO00087,277,29-07-2024,17-08-2024,In Transit
PO001701,SUP002,ITM00015,164,03-10-2024,11-02-2024,Pending
PO001702,SUP013,ITM00063,441,07-02-2025,29-03-2025,In Transit
PO001703,SUP022,SKU00086,324,03-02-2024,22-02-2024,Pending
PO001704,SUP006,ITM00065,457,27-09-2024,09-11-2024,In Transit
PO001705,SUP011,PRO00133,369,13-09-2025,18-09-2025,Delayed
PO001706,SUP015,ITM00001,,23-06-2024,17-07-2024,Pending
PO001707,SUP027,ITM00126,116,21-05-2025,04-06-2025,Pending
PO001708,SUP001,ITM00105,187,24-06-2023,08-07-2023,Pending
PO001709,SUP005,PRO00029,508,04-06-2025,21-07-2025,Cancelled
PO001710,SUP006,SKU00093,548,24-02-2024,09-03-2024,Delivered
PO001711,SUP018,PRO00137,194,03-02-2023,08-02-2023,Cancelled
PO001712,SUP026,PROD00084,473,09-08-2024,19-08-2024,Delayed
PO001713,SUP022,PROD00182,153,11-09-2025,20-09-2025,Delivered
PO001714,SUP029,PROD00168,,08-01-2025,27-02-2025,Delayed
PO001715,SUP020,SKU00124,80,28-08-2023,28-09-2023,Delivered
PO001716,SUP019,ITM00096,525,10-07-2025,17-07-2025,Cancelled
PO001717,SUP012,PRO00037,286,16-03-2025,26-03-2025,Pending
PO001718,SUP028,ITM00001,185,27-08-2025,16-09-2025,Cancelled
PO001719,SUP030,PROD00168,259,22-02-2023,13-04-2023,In Transit
PO001720,SUP029,SKU00086,207,10-06-2025,21-06-2025,Delayed
PO001721,SUP013,PROD00084,241,04-08-2025,24-08-2025,Delivered
PO001722,SUP029,PROD00044,82,16-11-2023,28-11-2023,Delayed
PO001723,SUP005,ITM00001,422,28-03-2025,27-04-2025,In Transit
PO001724,SUP019,SKU00143,469,26-11-2023,15-12-2023,Delivered
PO001725,SUP022,SKU00188,337,26-08-2024,07-10-2024,In Transit
PO001726,SUP027,PRO00119,476,25-06-2024,15-07-2024,Cancelled
PO001727,SUP027,PRO00150,243,11-12-2023,21-12-2023,In Transit
PO001728,SUP022,SKU00069,546,15-01-2023,06-02-2023,In Transit
PO001729,SUP014,PRO00017,467,20-11-2024,03-12-2024,Pending
PO001730,SUP028,ITM00033,517,25-02-2024,06-04-2024,Pending
PO001731,SUP006,SKU00002,400,05-01-2024,27-01-2024,Delivered
PO001732,SUP011,PROD00125,399,08-06-2024,26-07-2024,Delayed
PO001733,SUP028,SKU00086,510,17-11-2023,20-12-2023,Delayed
PO001734,SUP007,PROD00016,272,01-01-2023,13-02-2023,Delayed
PO001735,SUP003,SKU00143,314,08-10-2024,16-11-2024,Pending
PO001736,SUP024,PRO00161,207,27-03-2024,04-04-2024,Cancelled
PO001737,SUP001,PROD00044,319,20-04-2025,22-05-2025,Pending
PO001738,SUP015,PRO00029,534,28-02-2025,09-04-2025,Cancelled
PO001739,SUP009,PRO00131,352,27-10-2023,17-11-2023,In Transit
PO001740,SUP017,SKU00181,277,09-03-2024,20-03-2024,In Transit
PO001741,SUP001,SKU00143,368,13-02-2024,13-03-2024,In Transit
PO001742,SUP030,ITM00172,501,27-06-2024,06-07-2024,In Transit
PO001743,SUP004,SKU00061,296,24-12-2023,20-01-2024,Delayed
PO001744,SUP019,PRO00157,541,29-08-2024,04-09-2024,In Transit
PO001745,SUP015,SKU00188,389,20-02-2024,09-04-2024,Pending
PO001746,SUP018,PROD00106,338,10-10-2024,13-11-2024,In Transit
PO001747,SUP028,ITM00111,347,16-09-2024,12-10-2024,In Transit
PO001748,SUP006,SKU00196,262,13-04-2023,14-05-2023,Cancelled
PO001749,SUP004,PROD00090,196,06-12-2024,14-01-2025,Pending
PO001750,SUP006,PRO00078,288,05-08-2023,24-08-2023,Pending
PO001751,SUP005,PRO00144,378,09-07-2024,23-07-2024,Cancelled
PO001752,SUP009,PROD00056,287,05-06-2024,12-06-2024,Cancelled
PO001753,SUP005,PROD00080,393,28-08-2023,04-10-2023,Pending
PO001754,SUP012,ITM00127,202,12-08-2023,09/13/2023,In Transit
PO001755,SUP016,SKU00118,467,26-10-2024,12-11-2024,Delivered
PO001756,SUP008,SKU00035,80,29-09-2024,30-10-2024,Delivered
PO001757,SUP022,PRO00163,116,14-07-2025,27-08-2025,In Transit
PO001758,SUP008,SKU00046,211,10-07-2025,07-08-2025,In Transit
PO001759,SUP026,PROD00090,72,03-01-2025,17-01-2025,Delivered
PO001760,SUP024,PRO00029,519,28-09-2024,06-10-2024,In Transit
PO001761,SUP022,SKU00122,69,06-08-2024,14-08-2024,
PO001762,SUP007,ITM00011,308,01-06-2025,10-07-2025,Delayed
PO001763,SUP028,PRO00131,419,19-09-2024,06-11-2024,In Transit
PO001764,SUP020,SKU00083,395,22-02-2025,03-03-2025,Delayed
PO001765,SUP014,SKU00069,259,06-08-2025,19-08-2025,Delivered
PO001766,SUP013,PROD00129,263,18-03-2023,06-05-2023,
PO001767,SUP002,PRO00162,144,24-03-2025,22-04-2025,Delayed
PO001768,SUP019,PRO00163,77,19-02-2025,28-03-2025,Delivered
PO001769,SUP003,PRO00076,83,21-12-2024,07-02-2025,Cancelled
PO001770,SUP023,PRO00007,148,15-06-2024,24-07-2024,In Transit
PO001771,SUP009,SKU00061,325,17-03-2025,18-04-2025,Delivered
PO001772,SUP010,PRO00119,404,07-04-2023,14-04-2023,Delivered
PO001773,SUP030,ITM00011,145,27-05-2025,22-06-2025,Cancelled
PO001774,SUP019,PRO00076,459,02-11-2023,16-12-2023,Cancelled
PO001775,SUP012,SKU00170,370,10-04-2024,13-05-2024,Cancelled
PO001776,SUP028,ITM00001,351,05-07-2024,13-08-2024,Delivered
PO001777,SUP016,ITM00172,512,19-11-2023,02-12-2023,In Transit
PO001778,SUP003,PROD00004,284,07-12-2024,09-01-2025,Pending
PO001779,SUP001,SKU00194,527,10-07-2024,18-08-2024,Cancelled
PO001780,SUP022,ITM00134,547,29-03-2023,09-05-2023,Pending
PO001781,SUP006,PROD00187,502,15-05-2024,20-06-2024,Delayed
PO001782,SUP028,PROD00006,464,22-05-2023,05-06-2023,Pending
PO001783,SUP013,SKU00197,93,26-10-2024,24-11-2024,Delivered
PO001784,SUP009,ITM00189,456,,03-03-2025,Pending
PO001785,SUP011,ITM00158,109,06-10-2024,07-11-2024,Cancelled
PO001786,SUP010,PROD00018,479,01-03-2023,22-03-2023,Delayed
PO001787,SUP001,PRO00087,183,21-02-2024,16-03-2024,In Transit
PO001788,SUP010,PRO00027,300,01-12-2023,19-12-2023,Pending
PO001789,SUP019,SKU00054,229,04-08-2023,28-08-2023,Cancelled
PO001790,SUP016,SKU00142,477,05-01-2023,21-02-2023,Cancelled
PO001791,SUP025,PRO00097,358,15-05-2025,18-06-2025,In Transit
PO001792,SUP030,SKU00124,83,07-08-2024,14-09-2024,Delivered
PO001793,SUP027,SKU00194,432,18-11-2023,18-12-2023,In Transit
PO001794,SUP026,SKU00093,518,06-07-2024,14-08-2024,Cancelled
PO001795,SUP021,ITM00021,291,20-12-2024,31-01-2025,Cancelled
PO001796,SUP020,PROD00185,469,15-06-2023,22-06-2023,In Transit
PO001797,SUP030,ITM00126,86,19-10-2024,04-12-2024,Delayed
PO001798,SUP008,SKU00196,389,23-12-2023,29-12-2023,Pending
PO001799,SUP001,PRO00115,501,18-07-2024,31-07-2024,Cancelled
PO001800,SUP005,SKU00130,166,04-10-2024,08-11-2024,Delayed
PO001801,SUP024,SKU00020,478,29-05-2023,05-06-2023,In Transit
PO001802,SUP027,PROD00185,495,06-05-2023,11-06-2023,In Transit
PO001803,SUP016,SKU00116,,07-12-2023,17-01-2024,In Transit
PO001804,SUP021,SKU00072,530,04-01-2023,22-02-2023,Pending
PO001805,SUP008,PRO00157,,21-04-2025,10-05-2025,Pending
PO001806,SUP011,SKU00020,174,17-04-2025,24-05-2025,Delivered
PO001807,SUP029,PRO00195,465,22-06-2024,03-08-2024,Delivered
PO001808,SUP006,ITM00176,267,19-11-2023,27-11-2023,In Transit
PO001809,SUP007,SKU00179,474,07-03-2023,17-04-2023,Delivered
PO001810,SUP004,PRO00066,369,29-03-2023,10-05-2023,Delivered
PO001811,SUP017,SKU00188,354,28-07-2023,25-08-2023,Delayed
PO001812,SUP027,PROD00006,177,19-12-2024,05-02-2025,Delivered
PO001813,SUP015,PRO00180,178,24-07-2024,29-08-2024,In Transit
PO001814,SUP028,PRO00193,53,20-03-2023,07-04-2023,Delivered
PO001815,SUP009,SKU00118,251,19-09-2025,09-10-2025,Cancelled
PO001816,SUP028,ITM00011,433,,07-06-2023,Cancelled
PO001817,SUP022,PRO00104,109,21-08-2025,06-10-2025,Delayed
PO001818,SUP011,PRO00162,313,04-10-2024,30-10-2024,Cancelled
PO001819,SUP028,PRO00042,233,04-10-2023,18-10-2023,Delivered
PO001820,SUP021,PRO00180,441,21-08-2025,03-10-2025,Cancelled
PO001821,SUP006,PRO00148,232,22-03-2024,18-04-2024,Pending
PO001822,SUP009,SKU00046,486,23-06-2023,15-07-2023,Pending
PO001823,SUP019,SKU00054,330,12-03-2023,19-04-2023,In Transit
PO001824,SUP019,SKU00179,452,27-02-2024,14-03-2024,Cancelled
PO001825,SUP018,PROD00004,199,11-04-2023,21-04-2023,Pending
PO001826,SUP008,SKU00072,549,26-12-2023,03-02-2024, Pending
PO001827,SUP015,PRO00115,459,05-09-2024,01-10-2024,Pending
PO001828,SUP013,PRO00030,119,03-04-2023,13-04-2023,Cancelled
PO001829,SUP025,ITM00158,447,07-03-2024,25-03-2024,Delayed
PO001830,SUP016,SKU00186,54,16-12-2024,22-01-2025,Cancelled
PO001831,SUP021,PRO00115,291,18-09-2025,08-10-2025,Delayed
PO001832,SUP004,PROD00049,333,08-11-2023,04-12-2023,Pending
PO001833,SUP017,ITM00099,190,20-01-2025,02-02-2025,In Transit
PO001834,SUP010,ITM00166,110,,11-03-2025,In Transit
PO001835,SUP014,PRO00060,84,06-10-2024,11-10-2024,Delivered
PO001836,SUP004,SKU00009,218,07-05-2023,23-05-2023,Delayed
PO001837,SUP002,PROD00129,389,23-06-2025,15-07-2025,In Transit
PO001838,SUP026,PROD00174,334,06-09-2024,16-10-2024, Cancelled 
PO001839,SUP008,PRO00060,328,02-09-2023,08-09-2023,In Transit
PO001840,SUP013,ITM00034,83,16-03-2025,08-04-2025,In Transit
PO001841,SUP030,SKU00124,172,02-02-2024,22-03-2024,Pending
PO001842,SUP021,PROD00049,537,30-03-2023,30-04-2023,Delivered
PO001843,SUP011,PRO00053,323,12-06-2024,28-06-2024,Cancelled
PO001844,SUP029,ITM00111,523,06-01-2023,18-01-2023,Delayed
PO001845,SUP025,ITM00058,321,16-01-2024,04-02-2024,In Transit
PO001846,SUP012,ITM00077,226,23-07-2024,13-08-2024,Delivered
PO001847,SUP009,PROD00073,87,07-08-2025,12-08-2025,Delayed
PO001848,SUP018,PRO00027,410,26-05-2023,12-06-2023,Cancelled
PO001849,SUP029,SKU00116,248,05-08-2024,05-09-2024,Delivered
PO001850,SUP022,ITM00134,505,18-11-2024,28-11-2024,Pending
PO001851,SUP027,PROD00059,,17-04-2023,18-05-2023,Cancelled
PO001852,SUP012,SKU00002,346,01-05-2023,07-06-2023,Delivered
PO001853,SUP027,PRO00119,80,08-12-2023,09-01-2024,Cancelled
PO001854,SUP020,PROD00187,416,13-05-2024,03-06-2024,In Transit
PO001855,SUP001,SKU00122,229,04-11-2023,18-11-2023,Cancelled
PO001856,SUP002,PRO00064,128,27-05-2024,12-07-2024,Delayed
PO001857,SUP029,PRO00078,505,16-01-2024,13-02-2024,Delayed
PO001858,SUP005,SKU00181,53,26-05-2025,13-06-2025,Delivered
PO001859,SUP016,SKU00173,185,15-01-2025,27-01-2025,Cancelled
PO001860,SUP007,PRO00131,356,05-12-2024,28-12-2024,Delivered
PO001861,SUP009,PRO00137,118,26-02-2023,02-04-2023,Delivered
PO001862,SUP021,SKU00035,290,08-01-2023,11-02-2023,
PO001863,SUP024,SKU00041,234,27-08-2024,12-09-2024,Pending
PO001864,SUP009,SKU00035,506,05-03-2024,05-04-2024,Cancelled
PO001865,SUP015,PRO00097,307,23-06-2025,05-08-2025,Delayed
PO001866,SUP007,ITM00099,262,04-09-2025,08-10-2025,Cancelled
PO001867,SUP007,SKU00098,144,02-02-2023,12-02-2023,In Transit
PO001868,SUP025,PROD00045,98,01-06-2024,07-07-2024,Pending
PO001869,SUP019,SKU00101,138,18-09-2024,15-10-2024,Delivered
PO001870,SUP004,PRO00109,418,10-05-2024,01-06-2024,Delayed
PO001871,SUP026,ITM00071,130,11-03-2025,30-04-2025,In Transit
PO001872,SUP009,PRO00161,73,26-06-2025,20-07-2025,In Transit
PO001873,SUP021,ITM00128,423,11-01-2023,27-01-2023,In Transit
PO001874,SUP026,PROD00178,514,12-10-2023,25-12-2023,Delivered
PO001875,SUP018,ITM00105,417,11-06-2023,11-07-2023,In Transit
PO001876,SUP014,PRO00012,101,28-12-2023,14-01-2024,Delayed
PO001877,SUP028,PRO00052,415,09-06-2023,07-07-2023,
PO001878,SUP015,PROD00084,155,11-08-2023,16-08-2023,Cancelled
PO001879,SUP005,PROD00006,166,09-02-2024,26-03-2024,In Transit
PO001880,SUP029,PRO00081,265,08-09-2024,24-10-2024,Delayed
PO001881,SUP029,PRO00013,202,29-08-2023,24-09-2023,Pending
PO001882,SUP003,ITM00126,545,07-01-2023,19-01-2023,Cancelled
PO001883,SUP010,PRO00133,173,18-09-2025,14-10-2025,In Transit
PO001884,SUP010,ITM00023,,15-09-2024,01-10-2024,In Transit
PO001885,SUP005,PROD00164,112,09-04-2023,30-04-2023,Delayed
PO001886,SUP028,PRO00180,306,18-09-2023,11-10-2023,Pending
PO001887,SUP027,PROD00185,142,25-02-2024,21-03-2024,Cancelled
PO001888,SUP020,ITM00139,101,08-06-2023,21-07-2023,
PO001889,SUP002,PRO00148,201,30-07-2025,22-08-2025,Delayed
PO001890,SUP022,SKU00154,540,20-02-2023,11-03-2023,Cancelled
PO001891,SUP023,PROD00167,478,03-12-2023,14-01-2024, Pending 
PO001892,SUP027,ITM00114,334,20-08-2025,06-10-2025,Delivered
PO001893,SUP010,PRO00010,543,21-03-2025,16-04-2025,Cancelled
PO001894,SUP001,ITM00021,104,10-09-2025,28-10-2025,Delivered
PO001895,SUP006,ITM00176,198,12-05-2025,15-06-2025,Pending
PO001896,SUP005,PRO00052,119,24-02-2025,11-03-2025,Cancelled
PO001897,SUP014,PRO00074,338,14-07-2023,23-07-2023,Delivered
PO001898,SUP011,SKU00159,500,14-09-2024,29-09-2024,Delivered
PO001899,SUP016,PRO00047,312,03-09-2025,03-10-2025,Delayed
PO001900,SUP003,SKU00094,465,22-07-2023,07-09-2023,Pending
PO001901,SUP022,PRO00047,451,16-07-2023,31-07-2023,Pending
PO001902,SUP017,PRO00097,412,04-06-2025,04-07-2025,Delayed
PO001903,SUP015,PRO00053,158,10-10-2024,07-11-2024,Pending
PO001904,SUP019,PRO00005,180,14-04-2023,06-05-2023,Cancelled
PO001905,SUP025,ITM00011,85,27-08-2024,01-09-2024,In Transit
PO001906,SUP010,ITM00135,136,30-11-2024,17-01-2025,In Transit
PO001907,SUP005,PRO00131,510,16-01-2025,23-01-2025,Delayed
PO001908,SUP014,PROD00024,,06-12-2024,15-12-2024,Delayed
PO001909,SUP013,SKU00179,119,09-06-2024,16-06-2024,In Transit
PO001910,SUP025,PRO00193,226,02-07-2023,20-07-2023,In Transit
PO001911,SUP009,SKU00138,260,04-07-2024,06-08-2024,Cancelled
PO001912,SUP023,PROD00008,234,29-03-2024,11-04-2024,Delivered
PO001913,SUP015,ITM00034,293,13-08-2023,28-09-2023,Cancelled
PO001914,SUP026,PRO00027,267,11-02-2025,16-02-2025,Delayed
PO001915,SUP016,PRO00148,72,30-06-2025,16-08-2025,Delayed
PO001916,SUP013,ITM00134,507,15-08-2023,17-09-2023,Pending
PO001917,SUP001,ITM00015,431,01-03-2024,12-04-2024,Delivered
PO001918,SUP027,PRO00162,283,27-05-2024,01-07-2024,In Transit
PO001919,SUP011,PROD00192,437,23-07-2023,16-08-2023,Pending
PO001920,SUP030,ITM00099,277,02-03-2023,06-04-2023,Delivered
PO001921,SUP016,SKU00143,101,29-03-2024,10-05-2024,In Transit
PO001922,SUP028,SKU00170,174,19-06-2023,06-08-2023,Pending
PO001923,SUP012,PRO00115,433,22-03-2023,29-03-2023,Pending
PO001924,SUP030,ITM00110,105,15-11-2023,22-12-2023,Delayed
PO001925,SUP006,ITM00050,224,22-07-2025,03-08-2025,Delivered
PO001926,SUP004,PRO00085,277,26-07-2024,31-08-2024,Pending
PO001927,SUP007,ITM00021,320,26-11-2024,17-12-2024,Delayed 
PO001928,SUP001,PROD00073,180,13-10-2023,20-11-2023,Pending
PO001929,SUP009,ITM00040,395,10-10-2024,16-11-2024,Delayed
PO001930,SUP017,ITM00105,505,09-04-2024,04-05-2024,Cancelled
PO001931,SUP016,PRO00068,395,23-03-2025,06-04-2025,Pending
PO001932,SUP020,PRO00037,525,29-03-2025,18-05-2025,Pending
PO001933,SUP027,ITM00058,265,17-02-2025,10-03-2025,Cancelled
PO001934,SUP029,ITM00105,262,29-05-2024,07-07-2024,Cancelled
PO001935,SUP020,SKU00072,334,06-03-2025,25-04-2025,Delayed
PO001936,SUP001,PRO00060,224,19-08-2024,24-08-2024,Delivered
PO001937,SUP003,PROD00051,159,,02-02-2024,Delayed
PO001938,SUP017,PRO00039,72,23-06-2023,11-07-2023,Pending
PO001939,SUP023,SKU00009,520,01-08-2023,06-09-2023,Cancelled
PO001940,SUP030,SKU00142,471,16-06-2025,10-07-2025,In Transit
PO001941,SUP001,PROD00048,495,22-07-2023,07-09-2023,Delayed
PO001942,SUP004,PROD00106,512,23-05-2025,09-06-2025,Delayed
PO001943,SUP016,SKU00089,135,16-07-2023,16-08-2023,Pending
PO001944,SUP009,PRO00003,76,25-06-2024,02-07-2024,Cancelled
PO001945,SUP013,SKU00140,88,21-01-2024,17-02-2024,Pending
PO001946,SUP012,PRO00148,451,10-02-2024,08-03-2024,Cancelled
PO001947,SUP029,SKU00169,307,09-07-2023,14-07-2023,Pending
PO001948,SUP015,ITM00023,182,,17-04-2024,Cancelled
PO001949,SUP023,PROD00132,165,24-05-2023,05-06-2023,In Transit
PO001950,SUP025,SKU00046,160,01-10-2023,30-10-2023,Pending
PO001951,SUP011,SKU00196,114,18-08-2024,08-09-2024,Delivered
PO001952,SUP028,PROD00090,50,30-05-2023,04-07-2023,In Transit
PO001953,SUP026,SKU00143,286,27-08-2024,12-09-2024,In Transit
PO001954,SUP021,ITM00071,54,01-01-2024,19-01-2024,Pending
PO001955,SUP004,SKU00072,524,03-03-2024,16-04-2024,Cancelled
PO001956,SUP030,SKU00143,221,07-10-2024,15-11-2024,In Transit
PO001957,SUP015,PRO00028,537,11-07-2023,10-08-2023,In Transit
PO001958,SUP001,PROD00121,123,24-07-2024,30-08-2024,Delayed
PO001959,SUP008,PRO00109,156,01-10-2024,04-11-2024,Delivered
PO001960,SUP021,ITM00110,167,17-09-2024,11-10-2024,Delayed
PO001961,SUP010,PRO00012,546,19-05-2023,11-06-2023,Pending
PO001962,SUP027,PRO00053,144,02-01-2023,20-01-2023,In Transit
PO001963,SUP006,PRO00163,90,18-11-2023,26-12-2023,Pending
PO001964,SUP021,ITM00112,107,28-06-2023,10-07-2023,In Transit 
PO001965,SUP020,PRO00017,70,28-08-2023,07-10-2023,Pending
PO001966,SUP019,PROD00048,84,,17-04-2023,Cancelled
PO001967,SUP012,PRO00028,247,02-02-2024,06-03-2024,Delayed
PO001968,SUP009,PROD00129,,23-02-2024,24-03-2024,Delivered
PO001969,SUP026,PROD00107,446,08-03-2024,07-04-2024,Delivered
PO001970,SUP026,ITM00040,209,20-01-2024,16-02-2024,In Transit
PO001971,SUP029,PROD00018,408,25-06-2024,30-06-2024,Delayed
PO001972,SUP013,ITM00023,255,21-08-2024,14-09-2024,Cancelled
PO001973,SUP008,PRO00157,54,06-04-2025,09-05-2025,In Transit
PO001974,SUP027,PRO00195,399,31-08-2025,02-10-2025,Pending
PO001975,SUP006,PRO00162,535,08-11-2023,23-11-2023,In Transit
PO001976,SUP020,ITM00033,442,24-03-2025,27-04-2025,In Transit
PO001977,SUP018,PRO00115,291,16-05-2023,26-05-2023,Cancelled
PO001978,SUP005,PRO00095,289,01-03-2023,12-04-2023,Cancelled
PO001979,SUP015,SKU00083,284,18-07-2023,06-08-2023,Delayed
PO001980,SUP026,PROD00084,399,03-06-2023,12-07-2023,Delivered
PO001981,SUP022,SKU00088,427,06-03-2024,14-03-2024,In Transit
PO001982,SUP026,PROD00107,388,22-03-2023,24-04-2023,In Transit
PO001983,SUP028,PRO00161,354,05-02-2025,06-03-2025,Cancelled
PO001984,SUP018,PRO00085,414,,14-06-2024,In Transit
PO001985,SUP019,PRO00012,498,22-10-2023,31-10-2023,Pending
PO001986,SUP019,PRO00131,376,14-08-2023,29-08-2023,In Transit
PO001987,SUP014,PRO00081,497,14-08-2024,09-09-2024,Pending
PO001988,SUP007,PROD00016,442,05-02-2025,09-03-2025,Delivered
PO001989,SUP010,PROD00008,396,25-06-2025,21-07-2025,Cancelled
PO001990,SUP004,ITM00126,278,25-10-2024,29-11-2024,Pending
PO001991,SUP005,PROD00056,75,20-01-2023,25-02-2023,Delayed
PO001992,SUP001,PRO00150,480,24-07-2023,12-08-2023,Delivered
PO001993,SUP020,SKU00154,408,15-11-2023,19-12-2023,In Transit
PO001994,SUP009,SKU00072,97,04-07-2023,27-07-2023,Pending
PO001995,SUP021,PROD00056,406,23-07-2023,22-08-2023,Pending
PO001996,SUP017,ITM00063,325,31-03-2024,09-05-2024,Delivered
PO001997,SUP016,PROD00090,336,28-07-2023,10-08-2023,Pending
PO001998,SUP017,SKU00093,357,04-12-2023,19-12-2023,Cancelled
PO001999,SUP009,PRO00014,403,13-01-2025,18-02-2025,In Transit
PO002000,SUP001,PRO00038,240,17-07-2025,22-07-2025,Delivered
PO002001,SUP012,PRO00155,84,28-05-2025,20-06-2025,Cancelled
PO002002,SUP008,ITM00071,386,04-08-2023,04-09-2023,Pending
PO002003,SUP001,PROD00080,426,24-10-2023,08-11-2023,Delivered
PO002004,SUP009,ITM00040,171,06-12-2024,16-12-2024,Cancelled
PO002005,SUP027,SKU00101,83,28-07-2023,04-08-2023,In Transit
PO002006,SUP006,PRO00156,302,,18-05-2023,Pending
PO002007,SUP019,PROD00199,484,06-12-2023,09-01-2024,Pending
PO002008,SUP011,PROD00102,247,03-12-2024,12/24/2024,Delivered
PO002009,SUP025,PRO00085,299,03-09-2025,19-10-2025,Pending
PO002010,SUP005,ITM00034,175,17-12-2023,02-01-2024,In Transit
PO002011,SUP025,PROD00059,121,02-07-2023,09-08-2023,Cancelled
PO002012,SUP006,PRO00039,450,09-02-2025,31-03-2025,Delayed
PO002013,SUP006,SKU00120,363,12-01-2025,25-01-2025,Delayed
PO002014,SUP001,SKU00159,171,20-10-2023,23-11-2023,In Transit
PO002015,SUP006,PRO00029,,05-09-2023,06-10-2023,Cancelled
PO002016,SUP003,SKU00069,432,31-08-2023,18-09-2023,In Transit
PO002017,SUP006,SKU00120,353,29-04-2024,19-05-2024,Cancelled
PO002018,SUP016,ITM00091,113,20-08-2023,26-08-2023,Pending
PO002019,SUP018,PRO00068,361,28-05-2023,07-07-2023,Delayed
PO002020,SUP010,SKU00186,493,22-04-2023,26-05-2023,In Transit
PO002021,SUP002,SKU00188,394,27-07-2024,06-09-2024,Cancelled
PO002022,SUP030,ITM00033,502,19-03-2024,10-04-2024,Pending
PO002023,SUP016,ITM00139,479,19-07-2025,23-08-2025,Delivered
PO002024,SUP019,PRO00146,401,25-02-2024,23-03-2024,Cancelled
PO002025,SUP030,PRO00198,391,05-04-2024,26-04-2024,Cancelled
PO002026,SUP028,PROD00044,502,01-06-2024,06-11-2024,Pending
PO002027,SUP016,PRO00151,325,06-09-2023,14-10-2023,In Transit
PO002028,SUP017,ITM00077,492,08-06-2025,30-06-2025,Cancelled
PO002029,SUP006,PRO00193,73,24-05-2025,29-05-2025,Pending
PO002030,SUP005,PRO00037,464,21-03-2024,01-04-2024,Delayed
PO002031,SUP027,SKU00196,157,12-03-2023,17-03-2023,Pending
PO002032,SUP029,PROD00165,302,,22-12-2023,In Transit
PO002033,SUP011,PRO00068,190,16-11-2024,19-12-2024,In Transit
PO002034,SUP014,ITM00126,59,05-02-2024,14-03-2024,Delayed
PO002035,SUP016,PRO00013,328,29-08-2025,17-09-2025,Cancelled
PO002036,SUP021,ITM00065,127,28-07-2024,04-09-2024,Cancelled
PO002037,SUP020,PRO00092,408,06-10-2023,20-10-2023,In Transit
PO002038,SUP014,PROD00016,491,,22-10-2025,Cancelled
PO002039,SUP012,PROD00167,102,26-06-2024,09-08-2024,Delivered
PO002040,SUP001,PRO00007,501,16-01-2023,12-02-2023,Delayed
PO002041,SUP019,PRO00133,,19-08-2024,05-10-2024,Delivered
PO002042,SUP016,PRO00005,414,04-02-2025,01-03-2025,Delayed
PO002043,SUP023,PRO00198,203,21-07-2025,15-08-2025,Pending
PO002044,SUP030,ITM00011,374,08-07-2025,01-08-2025,Pending
PO002045,SUP002,PROD00185,525,23-01-2024,24-02-2024,Pending
PO002046,SUP015,PRO00047,107,21-08-2023,31-08-2023,Delayed
PO002047,SUP001,PROD00018,258,12-09-2023,21-10-2023,Cancelled
PO002048,SUP007,PRO00150,396,26-04-2023,29-05-2023,In Transit
PO002049,SUP010,SKU00152,488,27-12-2023,15-02-2024,Delayed
PO002050,SUP005,PRO00150,154,14-10-2023,25-10-2023,Delivered
PO002051,SUP020,ITM00023,415,20-04-2023,28-05-2023,Delayed
PO002052,SUP023,SKU00069,546,11-06-2023,16-07-2023,Pending
PO002053,SUP015,SKU00035,223,14-05-2023,12-06-2023, Delivered 
PO002054,SUP015,PROD00004,121,26-07-2023,03-09-2023,Delivered
PO002055,SUP015,PRO00007,120,03-01-2024,10-02-2024,Delayed 
PO002056,SUP028,SKU00083,475,10-02-2023,31-03-2023,In Transit
PO002057,SUP018,PROD00168,324,16-08-2025,14-09-2025,In Transit
PO002058,SUP010,PROD00117,536,21-01-2025,05-03-2025,Delivered
PO002059,SUP030,SKU00031,240,29-06-2023,12-07-2023,Delivered
PO002060,SUP001,PRO00119,498,23-09-2024,09-10-2024,Delivered
PO002061,SUP012,SKU00093,299,01-05-2024,01-06-2024, Delayed 
PO002062,SUP017,PRO00156,524,07-10-2024,19-10-2024,Delayed
PO002063,SUP014,PROD00075,168,20-12-2024,12-01-2025,Pending
PO002064,SUP006,ITM00105,402,04-03-2023,05-04-2023,Delivered
PO002065,SUP001,SKU00061,361,15-09-2023,11-10-2023,Delayed
PO002066,SUP022,PRO00053,300,11-07-2023,26-08-2023,Pending
PO002067,SUP004,SKU00194,156,11-07-2023,07-08-2023,In Transit
PO002068,SUP029,PROD00153,377,15-06-2024,01-08-2024,In Transit
PO002069,SUP006,PRO00029,141,13-09-2023,02-11-2023,Pending
PO002070,SUP015,ITM00015,320,12-02-2024,01-03-2024,In Transit
PO002071,SUP010,PROD00062,186,06-11-2023,20-11-2023,Delivered
PO002072,SUP027,PROD00167,,27-04-2023,27-05-2023,Delayed
PO002073,SUP011,PRO00180,183,03-12-2023,24-12-2023,Delayed
PO002074,SUP005,PROD00049,465,07-03-2023,22-03-2023,Delivered
PO002075,SUP022,SKU00122,522,25-01-2024,23-02-2024,In Transit
PO002076,SUP002,PROD00062,535,21-12-2023,24-01-2024,Cancelled
PO002077,SUP010,PROD00184,260,14-01-2025,14-02-2025,Delivered
PO002078,SUP009,SKU00124,375,18-01-2023,03-03-2023,In Transit
PO002079,SUP013,SKU00152,160,17-04-2023,21-05-2023,Pending
PO002080,SUP007,PROD00048,440,09-12-2023,17-01-2024,Cancelled
PO002081,SUP023,SKU00196,222,23-05-2025,05-07-2025,Delivered
PO002082,SUP013,PRO00014,438,29-08-2024,16-10-2024,In Transit
PO002083,SUP013,SKU00086,442,25-02-2025,03/16/2025,Delivered
PO002084,SUP009,PROD00174,254,22-04-2023,02-06-2023,Delayed
PO002085,SUP003,SKU00046,477,12-12-2024,22-12-2024,Delivered
PO002086,SUP013,SKU00009,445,25-01-2023,01-02-2023,Pending 
PO002087,SUP006,ITM00128,182,05-08-2024,18-08-2024,Pending
PO002088,SUP011,PRO00012,329,09-04-2024,21-04-2024,Pending
PO002089,SUP007,SKU00116,408,18-04-2023,25-05-2023,Cancelled
PO002090,SUP014,PRO00137,156,08-05-2025,06-06-2025,Cancelled
PO002091,SUP015,PRO00028,529,03-05-2024,08-06-2024,Delivered
PO002092,SUP011,ITM00015,508,15-12-2023,13-01-2024,Pending
PO002093,SUP007,PRO00060,398,14-11-2024,19-11-2024,Delayed
PO002094,SUP029,PRO00019,139,23-01-2025,18-02-2025,Cancelled
PO002095,SUP018,ITM00110,517,11-11-2024,26-12-2024, Pending 
PO002096,SUP006,PRO00097,243,08-02-2023,27-02-2023,Delivered
PO002097,SUP007,SKU00124,380,21-11-2023,04-01-2024,Delayed
PO002098,SUP017,PROD00121,525,02-03-2024,08-03-2024,Cancelled
PO002099,SUP018,SKU00072,193,06-07-2025,29-07-2025,Pending
PO002100,SUP018,SKU00057,214,19-01-2024,23-02-2024,Cancelled
PO002101,SUP030,ITM00096,427,29-01-2025,05-02-2025,Delivered
PO002102,SUP025,PROD00049,122,16-05-2025,11-06-2025,Delayed
PO002103,SUP018,PROD00165,233,18-02-2025,28-02-2025,Delivered
PO002104,SUP019,PROD00004,204,27-07-2024,31-08-2024,Delivered
PO002105,SUP029,ITM00091,545,01-05-2024,11-05-2024,Delivered
PO002106,SUP002,PRO00119,128,09-04-2025,04-05-2025,Cancelled
PO002107,SUP021,PRO00047,,16-05-2023,21-05-2023,In Transit
PO002108,SUP015,PRO00029,182,11-08-2025,14-09-2025,Pending
PO002109,SUP028,ITM00099,539,25-08-2024,29-09-2024,Pending
PO002110,SUP002,PROD00178,220,21-04-2024,10-06-2024,In Transit
PO002111,SUP023,SKU00026,354,08-09-2024,01-10-2024,Delayed
PO002112,SUP022,SKU00179,52,07-07-2023,08-08-2023,Cancelled
PO002113,SUP023,SKU00118,310,04-12-2023,03-01-2024,In Transit
PO002114,SUP019,PRO00037,119,01-12-2024,28-12-2024,In Transit
PO002115,SUP025,SKU00031,218,05-08-2024,27-08-2024,Pending
PO002116,SUP004,SKU00093,149,18-06-2025,29-07-2025,In Transit
PO002117,SUP007,PRO00195,175,25-12-2024,20-01-2025,Delivered
PO002118,SUP015,ITM00110,116,05-03-2025,11-04-2025,In Transit
PO002119,SUP010,PRO00003,418,10-12-2023,22-01-2024,Cancelled
PO002120,SUP005,PRO00146,499,30-10-2024,19-11-2024,In Transit
PO002121,SUP005,SKU00072,344,03-07-2024,18-07-2024,In Transit
PO002122,SUP025,ITM00110,392,07-05-2023,14-05-2023,Pending
PO002123,SUP012,PRO00042,203,10-05-2023,02-06-2023,Cancelled
PO002124,SUP010,SKU00188,368,12-07-2025,06-08-2025,Delayed
PO002125,SUP001,PRO00074,295,23-12-2023,08-01-2024,Delivered
PO002126,SUP004,SKU00120,159,24-04-2025,10-06-2025, Delayed
PO002127,SUP030,PROD00149,103,27-01-2024,05-02-2024,Delayed
PO002128,SUP005,PRO00198,87,09-07-2025,21-08-2025,Delayed
PO002129,SUP001,PRO00037,325,29-05-2025,17-07-2025,Pending
PO002130,SUP006,SKU00142,490,09-09-2025,12-10-2025,Delayed
PO002131,SUP015,PRO00146,379,01-08-2025,11-09-2025,Delivered
PO002132,SUP024,PRO00162,176,07/22/2025,09-09-2025,Delivered
PO002133,SUP027,PROD00084,492,16-03-2023,22-04-2023,Cancelled
PO002134,SUP014,PRO00014,206,05-04-2024,06-05-2024, Delivered 
PO002135,SUP008,SKU00103,269,11/27/2023,02-12-2023,Delivered
PO002136,SUP025,SKU00067,203,26-01-2025,08-02-2025,Pending
PO002137,SUP024,PRO00055,174,12-09-2024,10-10-2024,In Transit
PO002138,SUP019,PRO00064,307,06-12-2023,17-01-2024,In Transit
PO002139,SUP021,PRO00195,420,07-06-2024,06-07-2024,Pending
PO002140,SUP020,PROD00184,389,17-08-2024,17-09-2024, Delivered
PO002141,SUP014,ITM00111,317,16-10-2023,11-11-2023,Cancelled
PO002142,SUP023,SKU00116,180,02-08-2025,16-08-2025,Cancelled
PO002143,SUP023,PROD00075,378,08-01-2025,14-02-2025,Cancelled
PO002144,SUP021,PROD00171,115,16-03-2023,07-04-2023,Delivered
PO002145,SUP009,SKU00069,156,25-12-2023,01-01-2024,In Transit
PO002146,SUP020,PROD00117,98,24-08-2023,30-08-2023,Cancelled
PO002147,SUP029,SKU00067,81,07-09-2025,09/29/2025,Cancelled
PO002148,SUP010,PRO00068,161,23-06-2023,12-08-2023,Delayed
PO002149,SUP025,PRO00115,334,18-12-2024,16-01-2025,Delivered
PO002150,SUP017,SKU00196,439,24-06-2024,28-07-2024,Delivered
PO002151,SUP012,PRO00180,153,11-09-2024,04-10-2024,In Transit
PO002152,SUP003,PROD00006,338,22-09-2025,08-11-2025,Cancelled
PO002153,SUP016,ITM00114,198,10-11-2023,28-12-2023,In Transit
PO002154,SUP026,PRO00104,472,08-04-2024,25-05-2024,Delivered
PO002155,SUP012,PROD00167,358,17-09-2025,06-10-2025,In Transit
PO002156,SUP005,SKU00035,513,12-02-2023,26-02-2023,Pending
PO002157,SUP026,ITM00110,304,29-06-2025,13-08-2025,Cancelled
PO002158,SUP012,ITM00127,77,09-12-2024,16-12-2024,In Transit
PO002159,SUP015,ITM00091,469,03-10-2024,21-11-2024,Cancelled
PO002160,SUP020,PROD00084,437,10-08-2025,30-08-2025,Delayed
PO002161,SUP007,PROD00008,343,20-06-2023,12-07-2023,Delayed
PO002162,SUP012,ITM00172,79,21-06-2023,06/30/2023,
PO002163,SUP023,PROD00125,148,17-03-2023,03-04-2023,Delivered
PO002164,SUP015,PROD00185,79,05-08-2024,02-09-2024,Cancelled
PO002165,SUP018,PRO00095,168,11-09-2025,20-09-2025,In Transit
PO002166,SUP007,PROD00084,181,05-08-2025,06-09-2025,In Transit
PO002167,SUP022,PROD00090,526,08-07-2023,17-07-2023,Pending
PO002168,SUP026,PROD00129,472,02-09-2025,05-10-2025,In Transit
PO002169,SUP027,PROD00160,528,20-06-2023,31-07-2023,Delayed
PO002170,SUP022,PRO00055,128,17-08-2025,04-10-2025,Pending
PO002171,SUP019,PRO00053,53,28-07-2025,08-11-2025,In Transit
PO002172,SUP023,PRO00146,270,10-01-2023,13-02-2023,Delivered
PO002173,SUP011,SKU00061,120,06-12-2023,22-01-2024,In Transit
PO002174,SUP002,SKU00094,243,16-02-2023,03-04-2023,Cancelled
PO002175,SUP020,PRO00032,124,08-02-2025,21-03-2025,Delivered
PO002176,SUP030,PROD00171,541,12-10-2023,03-11-2023,Cancelled
PO002177,SUP018,SKU00188,430,30-08-2024,12-10-2024,Delayed
PO002178,SUP028,SKU00067,329,30-09-2024,10-10-2024,In Transit
PO002179,SUP005,PROD00045,263,12-09-2023,30-10-2023,Cancelled
PO002180,SUP015,ITM00166,124,04-01-2025,17-02-2025,Delivered
PO002181,SUP012,PRO00087,199,03-07-2023,09-07-2023,In Transit
PO002182,SUP013,ITM00091,288,15-04-2023,28-04-2023,Delayed 
PO002183,SUP014,PRO00029,462,30-06-2024,04-08-2024,Cancelled
PO002184,SUP021,SKU00138,208,01-06-2023,11-07-2023,Pending
PO002185,SUP013,SKU00035,139,20-05-2024,14-06-2024,Cancelled
PO002186,SUP013,PRO00133,59,15-05-2025,28-06-2025,Cancelled
PO002187,SUP020,SKU00141,97,01-07-2024,10-07-2024,Pending
PO002188,SUP008,PRO00097,513,14-05-2023,09-06-2023,Delivered
PO002189,SUP026,PRO00198,122,10-09-2024,19-10-2024, Delayed 
PO002190,SUP017,PROD00145,127,28-04-2024,04-06-2024,Cancelled
PO002191,SUP022,ITM00189,,30-05-2024,06-06-2024,In Transit
PO002192,SUP015,PROD00080,504,25-11-2023,02-01-2024,Cancelled
PO002193,SUP012,PRO00081,489,18-11-2023,04-12-2023,Pending
PO002194,SUP010,ITM00065,240,14-05-2024,31-05-2024,In Transit
PO002195,SUP015,PRO00100,334,26-08-2023,03-10-2023,Delayed
PO002196,SUP023,PRO00151,267,06-12-2023,16-12-2023,In Transit
PO002197,SUP023,PROD00044,529,10-07-2025,25-08-2025,Delayed
PO002198,SUP003,ITM00001,465,02-09-2025,17-10-2025,Delayed
PO002199,SUP003,ITM00065,500,17-01-2023,22-01-2023,Cancelled
PO002200,SUP007,ITM00001,466,30-04-2024,28-05-2024,Pending
PO002201,SUP012,ITM00158,190,20-02-2024,13-03-2024,Cancelled
PO002202,SUP011,PROD00075,375,09-08-2023,16-08-2023,Delayed
PO002203,SUP027,PRO00144,101,01-06-2023,25-06-2023,Delayed
PO002204,SUP025,PRO00180,122,16-09-2024,08-10-2024,Delayed
PO002205,SUP007,PRO00007,109,16-04-2024,05-06-2024,In Transit
PO002206,SUP030,PROD00073,382,24-06-2024,03-07-2024,Delayed
PO002207,SUP025,PRO00085,189,27-04-2023,10-05-2023,Pending
PO002208,SUP025,PROD00016,214,24-11-2024,02-01-2025,Delivered
PO002209,SUP014,SKU00190,275,,17-04-2025,In Transit
PO002210,SUP002,ITM00189,434,14-12-2024,25-01-2025,Pending
PO002211,SUP028,PRO00183,294,10-05-2024,20-05-2024,Delayed
PO002212,SUP019,SKU00170,97,26-02-2023,04-03-2023,Pending
PO002213,SUP030,PROD00016,273,06-01-2025,19-02-2025,Delayed
PO002214,SUP013,ITM00050,150,26-04-2023,21-05-2023,In Transit
PO002215,SUP007,SKU00116,296,20-02-2024,03-04-2024,Cancelled
PO002216,SUP022,PRO00100,56,17-08-2024,30-08-2024,In Transit
PO002217,SUP020,PRO00012,281,14-08-2024,29-09-2024,Delayed
PO002218,SUP016,PRO00003,132,04-03-2024,27-03-2024,Pending
PO002219,SUP014,PROD00062,79,25-04-2025,15-05-2025,Delivered
PO002220,SUP019,SKU00067,172,27-09-2024,24-10-2024,Delivered
PO002221,SUP013,PROD00048,56,03-03-2023,20-03-2023,Delivered
PO002222,SUP007,PRO00037,478,02-08-2025,17-08-2025,Delivered
PO002223,SUP012,PRO00028,534,19-01-2024,26-01-2024,In Transit
PO002224,SUP009,SKU00190,269,15-03-2025,29-03-2025,In Transit
PO002225,SUP025,PROD00153,285,29-03-2023,17-04-2023,Delivered
PO002226,SUP011,SKU00098,96,29-06-2025,16-07-2025,Delivered
PO002227,SUP011,SKU00188,162,21-03-2025,30-04-2025,Pending
PO002228,SUP007,SKU00173,403,29-03-2025,26-04-2025,Pending
PO002229,SUP024,ITM00105,130,24-05-2024,19-06-2024,Delivered
PO002230,SUP019,PROD00051,340,15-08-2024,22-09-2024,In Transit
PO002231,SUP008,SKU00173,263,23-09-2025,31-10-2025,Pending
PO002232,SUP008,SKU00143,231,11-12-2023,24-12-2023,Cancelled
PO002233,SUP004,PRO00100,115,14-03-2024,25-03-2024,Cancelled
PO002234,SUP025,PRO00092,414,27-06-2025,04-08-2025,Pending
PO002235,SUP008,SKU00057,316,01-12-2024,13-12-2024,Cancelled
PO002236,SUP022,SKU00140,479,04-08-2023,23-09-2023,Delivered
PO002237,SUP026,PROD00136,237,06-02-2025,12-02-2025,Pending
PO002238,SUP017,PROD00059,103,23-04-2025,15-05-2025,Delivered
PO002239,SUP024,PROD00160,139,06-06-2025,23-06-2025,Pending
PO002240,SUP018,PRO00087,496,10-10-2023,18-10-2023,In Transit
PO002241,SUP025,PROD00108,472,22-02-2024,05-04-2024,In Transit
PO002242,SUP018,PROD00178,218,11-02-2024,04-03-2024,
PO002243,SUP024,PROD00168,203,06-05-2024,22-06-2024,In Transit
PO002244,SUP023,SKU00089,132,04-02-2025,16-02-2025,Pending
PO002245,SUP009,SKU00181,215,10-04-2025,01-05-2025,Delivered
PO002246,SUP010,PROD00108,271,26-05-2025,04-07-2025,Pending
PO002247,SUP022,ITM00011,395,30-08-2023,23-09-2023,Delayed
PO002248,SUP021,ITM00040,323,27-01-2025,17-03-2025,In Transit
PO002249,SUP015,PROD00045,149,20-12-2024,08-01-2025,In Transit
PO002250,SUP026,PRO00022,447,25-01-2025,24-02-2025,Delayed
PO002251,SUP022,PROD00164,490,20-07-2025,30-07-2025,Pending
PO002252,SUP028,SKU00138,205,17-09-2023,17-10-2023,Pending
PO002253,SUP003,SKU00186,96,22-04-2025,28-05-2025,Cancelled
PO002254,SUP018,ITM00077,523,,14-07-2024,
PO002255,SUP006,PROD00167,80,25-04-2023,07-05-2023,Pending
PO002256,SUP030,SKU00186,121,27-03-2024,24-04-2024,Delivered
PO002257,SUP006,SKU00054,142,02-05-2024,12-06-2024,Pending
PO002258,SUP020,PROD00129,518,10-01-2024,23-01-2024,In Transit
PO002259,SUP026,PRO00066,440,15-11-2023,23-11-2023,Cancelled
PO002260,SUP012,PRO00131,432,07-02-2025,07-03-2025,Pending
PO002261,SUP007,SKU00072,521,28-08-2023,06-10-2023,Delivered
PO002262,SUP004,SKU00142,333,03-04-2024,03-05-2024,Pending
PO002263,SUP009,SKU00181,299,14-04-2024,19-05-2024,In Transit
PO002264,SUP009,PROD00004,388,02-01-2024,27-01-2024,Pending
PO002265,SUP012,SKU00130,96,10-06-2023,06-07-2023,In Transit
PO002266,SUP001,SKU00122,366,23-05-2023,09-07-2023,Delayed
PO002267,SUP006,SKU00103,340,03-04-2023,15-04-2023,Cancelled
PO002268,SUP013,PRO00019,171,15-05-2025,28-05-2025,In Transit
PO002269,SUP004,ITM00099,343,18-05-2023,23-05-2023,Cancelled
PO002270,SUP011,SKU00098,495,28-09-2024,19-10-2024,In Transit
PO002271,SUP027,ITM00033,224,26-08-2025,26-09-2025,Delivered
PO002272,SUP002,ITM00050,524,02-07-2023,14-07-2023,Delivered
PO002273,SUP023,ITM00175,378,22-09-2024,08-11-2024,Delayed
PO002274,SUP005,SKU00009,55,28-09-2024,15-10-2024,
PO002275,SUP015,PROD00106,420,23-12-2024,20-01-2025,Pending
PO002276,SUP011,SKU00122,125,17-08-2024,07-09-2024,In Transit
PO002277,SUP026,PRO00027,491,03-09-2025,13-10-2025,Delayed
PO002278,SUP010,PRO00100,408,05-02-2024,11-03-2024,Pending
PO002279,SUP018,SKU00141,513,21-06-2025,05-08-2025,Cancelled
PO002280,SUP020,ITM00105,254,02/18/2024,28-02-2024,Delivered
PO002281,SUP006,SKU00072,304,,18-03-2025,Pending
PO002282,SUP026,PRO00053,244,05-01-2025,26-01-2025,Delayed
PO002283,SUP006,ITM00111,242,30-01-2024,24-02-2024,Delayed
PO002284,SUP030,PRO00060,485,14-02-2025,24-03-2025,In Transit
PO002285,SUP021,ITM00050,447,01-01-2025,07-01-2025,Delayed
PO002286,SUP025,SKU00154,289,11-01-2023,26-02-2023,In Transit
PO002287,SUP005,SKU00046,246,04-04-2024,05-05-2024,
PO002288,SUP006,PROD00165,490,10-06-2024,02-07-2024,Delivered
PO002289,SUP010,PROD00171,503,27-02-2023,07-03-2023,Cancelled
PO002290,SUP014,SKU00159,252,10-01-2024,25-02-2024,Cancelled
PO002291,SUP002,SKU00079,499,09-02-2024,02-03-2024,Delayed
PO002292,SUP008,SKU00026,228,07/14/2024,02-08-2024,In Transit
PO002293,SUP029,SKU00082,445,04-05-2025,21-05-2025,Delivered
PO002294,SUP008,ITM00139,334,06-04-2024,12-04-2024,Cancelled 
PO002295,SUP016,SKU00188,533,29-08-2023,14-09-2023,Delayed
PO002296,SUP029,SKU00046,405,06-06-2024,06-07-2024,In Transit
PO002297,SUP029,SKU00152,314,04-09-2025,01-10-2025,
PO002298,SUP021,ITM00036,104,31-10-2023,14-11-2023,Delayed
PO002299,SUP012,PRO00060,115,06-06-2023,30-06-2023,Delivered
PO002300,SUP016,PRO00157,,20-08-2023,29-08-2023,Pending
PO002301,SUP006,ITM00126,69,24-06-2023,08-08-2023,Delivered
PO002302,SUP022,PROD00160,209,25-06-2023,21-07-2023,Delayed 
PO002303,SUP002,PROD00164,247,16-10-2023,13-11-2023,In Transit
PO002304,SUP004,PROD00008,317,05-05-2025,21-06-2025,Cancelled
PO002305,SUP012,ITM00114,230,24-05-2023,05-06-2023,Cancelled
PO002306,SUP027,SKU00082,383,18-04-2024,27-05-2024,Delivered
PO002307,SUP009,PROD00164,491,16-11-2024,12-12-2024,Delayed
PO002308,SUP003,ITM00110,150,21-01-2024,02-02-2024,In Transit
PO002309,SUP011,ITM00166,432,03-03-2024,16-04-2024,Cancelled
PO002310,SUP025,PRO00005,219,23-01-2024,06-02-2024,Delayed
PO002311,SUP005,PROD00182,410,29-10-2024,05-11-2024,In Transit
PO002312,SUP021,PROD00062,88,30-05-2025,03-07-2025,Pending
PO002313,SUP010,PRO00100,428,21-12-2023,02-01-2024,Delayed
PO002314,SUP019,PROD00184,51,12-06-2023,10-07-2023,Delayed
PO002315,SUP009,PROD00090,190,19-08-2025,14-09-2025,Delayed
PO002316,SUP010,ITM00011,248,24-08-2023,10-09-2023,In Transit
PO002317,SUP025,ITM00166,467,08-06-2024,26-06-2024,Delayed
PO002318,SUP001,PRO00146,428,18-04-2023,26-04-2023,Delivered
PO002319,SUP015,PROD00167,456,18-01-2023,31-01-2023,Delivered
PO002320,SUP001,ITM00050,445,11-02-2023,12-03-2023,Delivered
PO002321,SUP008,PRO00180,443,09-07-2023,27-08-2023,Cancelled
PO002322,SUP001,SKU00120,301,20-07-2024,07-08-2024,Delivered
PO002323,SUP023,PRO00148,315,22-12-2023,08-01-2024,Delayed
PO002324,SUP027,SKU00002,480,01-07-2024,04-08-2024,In Transit
PO002325,SUP014,ITM00070,101,08-03-2023,02-04-2023,Pending
PO002326,SUP014,PROD00160,358,04-06-2025,02-07-2025,In Transit
PO002327,SUP026,PROD00084,366,06-07-2024,25-08-2024,Delayed
PO002328,SUP016,ITM00099,316,07/20/2025,01-09-2025,In Transit
PO002329,SUP011,SKU00057,172,20-04-2023,05-06-2023, Cancelled
PO002330,SUP002,SKU00122,90,01-03-2024,19-03-2024,Pending
PO002331,SUP017,ITM00172,226,14-04-2023,06-05-2023,Pending
PO002332,SUP023,PRO00042,448,22-05-2025,17-06-2025,Cancelled
PO002333,SUP025,PRO00029,339,14-11-2023,24-12-2023,Pending
PO002334,SUP008,ITM00023,360,11-06-2023,16-07-2023,Cancelled
PO002335,SUP030,PRO00047,476,10-02-2024,28-03-2024,Cancelled
PO002336,SUP011,ITM00134,346,11-06-2024,20-07-2024,Cancelled
PO002337,SUP030,PRO00137,249,02-11-2024,28-11-2024,Cancelled
PO002338,SUP013,ITM00036,354,20-12-2023,14-01-2024,Cancelled
PO002339,SUP003,PROD00153,158,20-06-2023,04-07-2023,Delayed
PO002340,SUP030,PROD00199,503,19-05-2023,31-05-2023,In Transit
PO002341,SUP028,PRO00047,150,19-10-2024,13-11-2024,Pending
PO002342,SUP003,PROD00018,254,30-03-2025,17-05-2025,Pending
PO002343,SUP009,PROD00192,531,09-01-2023,11-02-2023, Delayed
PO002344,SUP019,PRO00027,202,09-05-2025,25-06-2025,In Transit
PO002345,SUP017,ITM00023,144,02-06-2024,11-07-2024,Pending
PO002346,SUP010,PRO00012,525,11-02-2025,04-03-2025,Cancelled
PO002347,SUP010,PROD00125,288,23-07-2023,31-07-2023,Delayed
PO002348,SUP012,PRO00085,258,18-05-2024,31-05-2024,In Transit
PO002349,SUP024,SKU00154,359,13-03-2025,12-04-2025,Pending
PO002350,SUP020,SKU00101,59,21-05-2024,11-06-2024,Pending
PO002351,SUP027,SKU00054,311,05-11-2024,25-12-2024,
PO002352,SUP022,ITM00110,530,03-08-2024,22-09-2024,Delayed
PO002353,SUP017,ITM00096,494,04-01-2025,13-01-2025,In Transit
PO002354,SUP027,SKU00152,537,04-02-2025,06-05-2025,Cancelled
PO002355,SUP016,SKU00186,229,30-06-2025,23-07-2025,Delayed
PO002356,SUP022,PRO00100,173,01-08-2023,18-08-2023,Delayed
PO002357,SUP019,SKU00054,381,25-12-2023,21-01-2024,In Transit
PO002358,SUP023,PRO00022,167,07-03-2025,14-03-2025,In Transit
PO002359,SUP021,PRO00085,436,06-05-2023,15-06-2023,Delayed
PO002360,SUP029,ITM00175,250,20-05-2025,24-06-2025,Delayed
PO002361,SUP009,PROD00107,,11-06-2024,05-07-2024,Pending
PO002362,SUP014,ITM00135,304,10-05-2025,22-05-2025,Pending
PO002363,SUP024,ITM00096,316,01-12-2024,07-12-2024,Delivered
PO002364,SUP008,PROD00125,75,28-06-2025,08-07-2025,In Transit
PO002365,SUP006,ITM00040,139,29-06-2023,23-07-2023,Pending
PO002366,SUP021,SKU00116,73,01-08-2024,14-08-2024,Delivered
PO002367,SUP016,PRO00092,486,11-05-2025,21-06-2025,Pending
PO002368,SUP009,PROD00199,156,10-02-2024,13-03-2024,Cancelled
PO002369,SUP011,PROD00016,447,21-06-2024,02-07-2024,Delayed
PO002370,SUP012,PROD00165,248,29-10-2023,18-12-2023,Pending
PO002371,SUP009,SKU00093,362,12-07-2025,28-08-2025,Cancelled
PO002372,SUP009,PRO00010,239,27-02-2024,06-04-2024,Delayed
PO002373,SUP028,PRO00028,474,25-03-2024,11-04-2024,Pending
PO002374,SUP016,SKU00031,295,16-06-2025,09-07-2025,Pending
PO002375,SUP021,PROD00145,71,16-07-2025,26-07-2025,Delivered
PO002376,SUP015,PRO00183,443,30-11-2024,03-01-2025,Delivered
PO002377,SUP023,PROD00080,186,07-02-2025,22-02-2025,Pending
PO002378,SUP014,PRO00060,143,20-05-2025,25-06-2025,Pending
PO002379,SUP003,SKU00138,124,15-05-2025,26-06-2025,Delayed
PO002380,SUP026,PROD00177,151,21-01-2024,14-02-2024,Delivered
PO002381,SUP022,PROD00048,252,22-02-2023,20-03-2023,Pending
PO002382,SUP025,SKU00020,549,17-02-2025,25-02-2025,Delayed
PO002383,SUP009,PRO00180,75,11-12-2023,25-12-2023,Pending
PO002384,SUP028,PRO00066,85,21-02-2025,12-04-2025,Pending
PO002385,SUP013,ITM00127,221,02-06-2024,26-06-2024,Delayed
PO002386,SUP022,SKU00116,474,25-09-2025,13-11-2025,Delayed
PO002387,SUP002,SKU00009,216,14-06-2025,20-07-2025,Cancelled
PO002388,SUP007,PRO00014,272,31-10-2024,15-11-2024,Pending
PO002389,SUP023,ITM00036,69,04-06-2024,21-06-2024,In Transit
PO002390,SUP011,SKU00152,464,10-09-2024,09-10-2024,Pending
PO002391,SUP009,PROD00149,255,03-10-2023,31-10-2023,Delayed
PO002392,SUP022,ITM00096,54,10-05-2025,18-06-2025,Cancelled
PO002393,SUP025,PRO00017,546,24-06-2024,05-07-2024, Cancelled
PO002394,SUP003,PROD00048,525,30-03-2023,04-05-2023,Cancelled
PO002395,SUP012,PROD00106,508,19-09-2023,30-10-2023,Cancelled
PO002396,SUP021,PROD00016,282,27-01-2025,28-02-2025,In Transit
PO002397,SUP028,PRO00007,256,18-03-2025,24-04-2025,Delayed
PO002398,SUP003,PRO00052,78,14-11-2023,10-12-2023, Delivered 
PO002399,SUP015,PRO00076,262,25-04-2025,24-05-2025,In Transit
PO002400,SUP023,PRO00060,336,26-02-2023,22-03-2023,Delayed
PO002401,SUP006,PRO00027,236,04-12-2023,23-01-2024,
PO002402,SUP004,PRO00195,353,24-08-2025,11-09-2025,Pending
PO002403,SUP001,SKU00179,407,04-09-2025,05-10-2025,Cancelled
PO002404,SUP011,SKU00093,445,01-04-2024,11-04-2024,Pending
PO002405,SUP027,SKU00118,423,11-11-2023,28-11-2023,Cancelled
PO002406,SUP003,PRO00022,294,29-08-2024,07-10-2024,Delayed
PO002407,SUP026,PRO00068,279,28-03-2023,05/15/2023,Pending
PO002408,SUP028,PRO00155,444,28-09-2025,14-11-2025, In Transit 
PO002409,SUP016,PROD00171,414,06-09-2023,16-09-2023,Delivered
PO002410,SUP018,PRO00032,172,10-03-2023,12-04-2023,Delivered
PO002411,SUP011,PROD00182,181,28-01-2025,10-02-2025,Delayed
PO002412,SUP024,PROD00160,436,28-03-2023,29-04-2023,Cancelled
PO002413,SUP009,PROD00121,472,01-09-2024,10-09-2024,Delivered
PO002414,SUP019,PROD00174,138,18-08-2024,01-10-2024,
PO002415,SUP017,SKU00101,105,24-06-2025,18-07-2025,In Transit
PO002416,SUP009,ITM00110,215,30-07-2023,17-09-2023,In Transit
PO002417,SUP003,ITM00139,500,10-05-2025,16-06-2025,Pending
PO002418,SUP010,PRO00195,138,25-03-2024,19-04-2024,In Transit
PO002419,SUP023,PRO00078,100,26-12-2024,17-01-2025,Delivered
PO002420,SUP004,PROD00187,400,08-11-2024,17-12-2024,Delivered
PO002421,SUP012,PROD00006,390,08-03-2023,26-03-2023,In Transit
PO002422,SUP006,ITM00063,139,05-09-2025,25-09-2025,Pending
PO002423,SUP026,ITM00158,108,03-06-2023,26-03-2023,Delivered
PO002424,SUP028,PRO00055,393,15-01-2025,31-01-2025,Delivered
PO002425,SUP003,SKU00197,277,06-02-2023,23-02-2023,Delayed
PO002426,SUP026,ITM00036,320,14-11-2024,25-11-2024,Delayed
PO002427,SUP025,PRO00119,354,10-02-2024,11-03-2024,Delayed
PO002428,SUP013,PROD00045,316,29-12-2024,11-02-2025,Pending
PO002429,SUP022,ITM00043,435,05-02-2023,20-02-2023,Delayed
PO002430,SUP021,ITM00036,144,,04-03-2025,Pending
PO002431,SUP004,SKU00140,491,05-02-2024,13-03-2024,Cancelled
PO002432,SUP030,ITM00065,342,04-07-2025,13-07-2025,Delivered
PO002433,SUP017,PRO00095,427,13-07-2024,20-08-2024,In Transit 
PO002434,SUP029,PRO00115,180,25-12-2023,31-01-2024,
PO002435,SUP027,ITM00070,179,08-04-2023,04/20/2023,In Transit
PO002436,SUP006,ITM00158,300,22-10-2024,10-11-2024,Cancelled
PO002437,SUP023,PRO00095,412,01-07-2024,12-07-2024,In Transit
PO002438,SUP018,PRO00007,252,28-05-2024,19-06-2024,In Transit
PO002439,SUP027,ITM00135,70,13-08-2025,28-08-2025,Delayed
PO002440,SUP014,ITM00176,389,18-11-2023,27-12-2023,
PO002441,SUP014,ITM00134,233,02-10-2023,10-11-2023,Cancelled
PO002442,SUP030,SKU00067,269,25-05-2024,08-06-2024,In Transit
PO002443,SUP002,SKU00154,340,03-09-2024,24-09-2024,Pending
PO002444,SUP009,PRO00081,136,17-02-2024,26-02-2024,Delayed
PO002445,SUP012,PRO00060,440,04-12-2023,23-01-2024,Cancelled
PO002446,SUP014,ITM00166,549,07-03-2024,24-04-2024,Pending
PO002447,SUP030,ITM00071,346,06-09-2024,09-12-2024,Delivered
PO002448,SUP015,SKU00170,258,21-06-2024,07-04-2024,Cancelled
PO002449,SUP018,PRO00183,253,30-08-2024,11-09-2024,Pending
PO002450,SUP020,PRO00095,329,20-09-2024,04-10-2024,Cancelled
PO002451,SUP006,PRO00052,217,01-02-2025,07-02-2025,Delivered
PO002452,SUP008,PRO00039,412,03-04-2024,26-04-2024,Pending
PO002453,SUP016,SKU00054,487,01-04-2025,20-04-2025,In Transit
PO002454,SUP022,SKU00197,95,09-02-2025,20-03-2025, Delayed 
PO002455,SUP003,SKU00086,466,06-05-2023,21-05-2023,
PO002456,SUP024,PRO00055,392,13-05-2024,25-05-2024,Cancelled
PO002457,SUP001,SKU00152,213,19-06-2024,25-06-2024,Cancelled
PO002458,SUP010,PRO00193,116,22-09-2025,07-10-2025,In Transit
PO002459,SUP028,PROD00075,350,10-07-2025,18-08-2025,Delivered
PO002460,SUP021,SKU00072,,14-06-2023,13-07-2023,Cancelled
PO002461,SUP029,PRO00109,74,31-07-2024,05-09-2024,Pending
PO002462,SUP006,PROD00080,222,06-03-2024,25-04-2024,Delayed
PO002463,SUP001,ITM00126,,25-06-2024,08-12-2024,In Transit
PO002464,SUP014,SKU00020,,03-02-2023,05-03-2023,Cancelled
PO002465,SUP019,PRO00151,97,11-01-2024,01-03-2024,In Transit
PO002466,SUP026,PRO00193,92,03-07-2024,08/18/2024,In Transit
PO002467,SUP004,ITM00011,389,05-05-2025,24-05-2025,Delivered
PO002468,SUP019,PROD00199,,05-01-2025,23-01-2025,Pending
PO002469,SUP020,PRO00074,538,,02-12-2023,Delivered
PO002470,SUP024,ITM00134,535,14-02-2024,24-03-2024,Delayed
PO002471,SUP020,PROD00178,287,16-02-2024,03/23/2024,Cancelled
PO002472,SUP008,SKU00142,457,12-08-2023,19-08-2023,Delayed
PO002473,SUP018,PRO00163,287,30-09-2023,23-10-2023,Cancelled
PO002474,SUP006,PRO00017,548,16-05-2023,24-05-2023,Pending
PO002475,SUP005,PRO00081,309,30-03-2025,18-05-2025,In Transit
PO002476,SUP005,PROD00174,215,08-09-2025,24-10-2025,Pending
PO002477,SUP021,PRO00039,214,17-05-2024,17-06-2024,Pending
PO002478,SUP030,PRO00039,378,28-12-2023,06-02-2024,Delivered
PO002479,SUP023,PRO00092,133,11-04-2024,27-05-2024,Delayed
PO002480,SUP021,PRO00137,73,02-08-2023,15-09-2023,Delivered
PO002481,SUP001,SKU00067,415,25-09-2023,07-11-2023,Pending
PO002482,SUP005,PRO00193,346,22-04-2025,30-04-2025,Delayed
PO002483,SUP023,SKU00186,408,08-04-2024,08-05-2024,Pending
PO002484,SUP005,SKU00116,524,31-05-2023,06-06-2023,Pending
PO002485,SUP010,PROD00080,211,07-07-2024,27-07-2024,Pending
PO002486,SUP021,PRO00013,207,21-06-2025,10-07-2025,Cancelled
PO002487,SUP012,PRO00007,251,26-09-2025,04-10-2025,Delayed
PO002488,SUP008,PROD00045,114,29-11-2023,31-12-2023,Delivered
PO002489,SUP029,ITM00175,503,09-07-2025,16-07-2025,
PO002490,SUP024,PRO00003,511,18-03-2024,24-03-2024,In Transit
PO002491,SUP030,PROD00004,105,18-04-2025,29-05-2025, Delayed 
PO002492,SUP014,PRO00047,74,01-01-2025,14-02-2025,Delivered
PO002493,SUP026,ITM00139,374,25-08-2024,29-09-2024,Delivered
PO002494,SUP013,PRO00183,299,15-03-2023,01-04-2023,Delivered
PO002495,SUP006,PRO00017,492,15-02-2025,25-02-2025,In Transit
PO002496,SUP017,PRO00137,513,03-04-2024,18-04-2024,In Transit
PO002497,SUP015,SKU00143,264,21-08-2024,05-10-2024,Cancelled
PO002498,SUP030,SKU00072,96,19-08-2024,04-09-2024,Cancelled
PO002499,SUP026,ITM00063,451,01-08-2025,08-08-2025,Delivered
PO002500,SUP018,PROD00184,287,06-05-2024,16-06-2024,
PO002501,SUP023,PROD00125,505,09-02-2025,25-02-2025,Pending
PO002502,SUP014,ITM00134,202,23-09-2024,22-10-2024,Pending
PO002503,SUP012,SKU00054,276,28-11-2023,20-12-2023,Delivered
PO002504,SUP021,SKU00026,494,16-07-2024,07-08-2024,In Transit
PO002505,SUP022,PRO00100,379,29-01-2025,15-03-2025,Pending
PO002506,SUP009,SKU00197,188,28-12-2024,15-02-2025,Delivered
PO002507,SUP023,PRO00157,365,02-09-2023,17-10-2023,Cancelled
PO002508,SUP011,SKU00188,430,29-06-2025,11-08-2025,Delivered
PO002509,SUP007,ITM00128,79,22-10-2024,06-12-2024,Delayed
PO002510,SUP020,PRO00131,520,29-06-2023,14-08-2023,Pending
PO002511,SUP018,SKU00079,434,14-10-2023,19-10-2023,Delayed
PO002512,SUP003,PRO00076,224,01-03-2024,29-03-2024,In Transit
PO002513,SUP018,PROD00107,334,21-03-2024,13-04-2024,Delivered
PO002514,SUP003,ITM00110,547,16-10-2023,31-10-2023,Pending
PO002515,SUP028,PRO00193,498,29-03-2024,28-04-2024,In Transit
PO002516,SUP003,ITM00001,429,26-03-2024,17-04-2024,Delayed
PO002517,SUP013,SKU00154,173,08-12-2024,10-01-2025,Pending
PO002518,SUP004,SKU00002,209,21-11-2024,01-01-2025,In Transit
PO002519,SUP011,PROD00075,201,17-02-2024,21-03-2024,Pending
PO002520,SUP008,ITM00176,533,19-06-2024,05-07-2024,Pending
PO002521,SUP012,PRO00064,249,29-10-2023,03-12-2023,Delayed
PO002522,SUP018,PRO00148,98,17-10-2024,03-11-2024,Cancelled
PO002523,SUP002,ITM00050,139,30-11-2023,12-01-2024,Cancelled
PO002524,SUP007,PROD00106,422,06-01-2025,14-01-2025,Delivered
PO002525,SUP009,PRO00156,387,26-11-2023,27-12-2023,Pending
PO002526,SUP022,ITM00112,347,16-03-2023,29-04-2023,Cancelled
PO002527,SUP001,SKU00118,148,31-03-2024,07-04-2024,Delayed
PO002528,SUP013,PRO00155,545,11-07-2023,29-08-2023,Pending
PO002529,SUP006,PROD00145,519,06-12-2023,06-01-2024,Pending
PO002530,SUP020,PROD00016,110,15-06-2024,02-07-2024,Delivered
PO002531,SUP025,PRO00131,451,13-12-2024,27-12-2024,Delayed
PO002532,SUP003,SKU00190,174,28-02-2024,15-04-2024,Pending
PO002533,SUP015,SKU00041,389,30-10-2024,17-12-2024,Delayed
PO002534,SUP001,ITM00040,308,05-02-2024,12-03-2024,Pending
PO002535,SUP001,ITM00134,316,21-05-2023,24-06-2023,Delayed
PO002536,SUP005,PRO00157,428,16-12-2023,04-02-2024,Pending
PO002537,SUP026,SKU00020,184,13-11-2024,12-12-2024,Delivered
PO002538,SUP023,PROD00178,391,26-02-2024,13-04-2024,In Transit
PO002539,SUP009,ITM00200,307,11-06-2024,18-06-2024,Delivered
PO002540,SUP022,PROD00008,493,12-04-2023,20-05-2023,In Transit
PO002541,SUP015,ITM00077,286,01-02-2025,12-03-2025,Cancelled
PO002542,SUP005,ITM00189,90,19-01-2025,11-02-2025,Delivered
PO002543,SUP023,SKU00086,248,08-07-2025,28-07-2025,Delayed
PO002544,SUP009,SKU00186,291,12-06-2023,19-07-2023,In Transit
PO002545,SUP029,ITM00134,521,11-01-2024,07-02-2024,Delayed
PO002546,SUP020,PROD00125,99,07-10-2024,15-11-2024,Delivered
PO002547,SUP004,PRO00055,364,09-01-2025,27-02-2025,In Transit
PO002548,SUP007,PRO00180,334,18-05-2025,01-07-2025,Delivered
PO002549,SUP020,PRO00014,159,20-12-2023,28-12-2023,Delayed
PO002550,SUP028,SKU00138,434,13-06-2024,11-07-2024,Cancelled
PO002551,SUP016,ITM00001,188,14-12-2024,19-01-2025,In Transit
PO002552,SUP013,ITM00200,78,14-10-2023,21-11-2023,Delivered
PO002553,SUP005,PROD00171,213,14-09-2023,19-09-2023,Cancelled
PO002554,SUP006,PROD00184,182,30-06-2023,25-07-2023,Pending
PO002555,SUP017,ITM00050,400,25-07-2023,31-07-2023,Cancelled
PO002556,SUP008,PRO00032,190,26-06-2025,15-08-2025,In Transit
PO002557,SUP015,SKU00181,241,23-05-2024,05-06-2024,Delivered
PO002558,SUP010,SKU00054,149,29-11-2024,26-12-2024,Cancelled
PO002559,SUP012,PRO00022,428,26-09-2023,13-11-2023,In Transit
PO002560,SUP014,SKU00124,454,19-01-2024,19-02-2024,Cancelled
PO002561,SUP026,PRO00078,341,19-01-2023,08-02-2023,Cancelled
PO002562,SUP016,SKU00002,,18-04-2023,25-04-2023,Cancelled
PO002563,SUP016,PRO00027,395,08-02-2025,02-03-2025, Pending 
PO002564,SUP002,PROD00008,59,16-09-2024,01-11-2024,In Transit
PO002565,SUP017,SKU00041,547,27-01-2025,10-03-2025,Pending
PO002566,SUP007,PRO00019,462,03-01-2024,16-01-2024,Cancelled
PO002567,SUP023,SKU00083,63,,18-10-2024, In Transit 
PO002568,SUP029,ITM00091,112,06-03-2024,13-03-2024,Cancelled
PO002569,SUP002,ITM00166,528,28-05-2024,09-06-2024,Delivered 
PO002570,SUP016,SKU00026,522,08-09-2025,25-10-2025,In Transit
PO002571,SUP024,SKU00120,284,16-06-2023,16-07-2023,Cancelled
PO002572,SUP017,ITM00091,85,13-06-2025,31-07-2025,Pending
PO002573,SUP014,SKU00002,510,29-01-2024,16-03-2024,Delivered
PO002574,SUP023,SKU00181,409,10-04-2024,16-04-2024,Delivered
PO002575,SUP028,PRO00027,50,07-06-2023,12-06-2023,In Transit
PO002576,SUP029,PRO00163,156,15-01-2025,04-03-2025,Delivered
PO002577,SUP001,SKU00120,227,12-02-2024,12-03-2024,Cancelled
PO002578,SUP013,PROD00199,439,24-09-2023,04-11-2023,In Transit
PO002579,SUP029,PROD00136,196,04-08-2023,15-08-2023,In Transit
PO002580,SUP007,PRO00144,327,21-12-2024,31-12-2024,In Transit
PO002581,SUP019,PRO00081,61,13-10-2024,12-11-2024,Delivered
PO002582,SUP002,PRO00047,456,29-09-2023,09-11-2023,Delivered
PO002583,SUP025,PROD00073,302,12-04-2025,26-04-2025,In Transit
PO002584,SUP012,PRO00005,124,17-10-2023,10-11-2023,Delayed
PO002585,SUP002,ITM00011,344,14-09-2023,30-10-2023,Cancelled
PO002586,SUP006,SKU00041,138,28-09-2025,27-10-2025,Pending
PO002587,SUP003,PRO00005,73,18-04-2025,26-05-2025,Cancelled
PO002588,SUP012,PRO00060,154,26-03-2025,07-04-2025,Delivered
PO002589,SUP021,SKU00186,480,23-04-2025,05-05-2025,Pending
PO002590,SUP027,SKU00020,290,19-08-2023,02-09-2023,In Transit
PO002591,SUP016,PRO00064,504,08-12-2023,11-01-2024,Pending
PO002592,SUP006,ITM00096,508,15-07-2023,08-08-2023,Cancelled
PO002593,SUP029,PRO00060,339,17-07-2024,26-07-2024,Pending
PO002594,SUP001,SKU00152,184,06-08-2024,20-08-2024,Cancelled
PO002595,SUP004,ITM00126,400,02-11-2024,01-12-2024,
PO002596,SUP023,SKU00054,210,28-07-2023,05-09-2023,Delayed
PO002597,SUP016,PROD00199,314,03-06-2023,27-06-2023,Cancelled
PO002598,SUP006,ITM00139,449,10-05-2024,23-06-2024,Delayed
PO002599,SUP004,PROD00136,134,17-07-2023,29-08-2023,Delivered
PO002600,SUP013,PRO00014,237,14-02-2024,09-03-2024,In Transit
PO002601,SUP001,PRO00087,511,13-05-2024,09-06-2024,Delivered
PO002602,SUP010,ITM00015,245,26-01-2024,16-03-2024,Delivered
PO002603,SUP003,PRO00156,324,09-09-2025,10-10-2025,Delayed
PO002604,SUP011,ITM00134,487,14-02-2025,02-03-2025,Delayed
PO002605,SUP019,ITM00025,215,07-01-2023,14-02-2023,In Transit
PO002606,SUP010,SKU00124,241,05-01-2024,12-02-2024,Delayed
PO002607,SUP024,PRO00119,238,06-04-2023,20-05-2023,Delivered
PO002608,SUP002,SKU00179,114,30-07-2024,29-08-2024,Delayed
PO002609,SUP027,SKU00154,324,07-01-2024,19-01-2024,In Transit
PO002610,SUP003,PROD00107,343,25-04-2023,01-05-2023,
PO002611,SUP014,PROD00132,464,10-07-2024,25-08-2024,Delayed
PO002612,SUP013,PROD00165,440,12-10-2024,04-11-2024,Delayed
PO002613,SUP002,PRO00095,302,22-04-2025,10-05-2025,In Transit
PO002614,SUP007,PROD00182,105,26-06-2024,05-07-2024,Delivered
PO002615,SUP018,PROD00044,238,21-08-2025,17-09-2025,In Transit
PO002616,SUP027,SKU00188,172,,20-02-2024,Cancelled
PO002617,SUP005,SKU00088,368,13-01-2024,10-02-2024,Delivered
PO002618,SUP006,PRO00133,190,26-10-2024,27-11-2024,Pending
PO002619,SUP017,ITM00135,537,18-03-2023,30-04-2023,Delivered
PO002620,SUP029,PRO00014,377,22-10-2024,07-11-2024,In Transit
PO002621,SUP021,PRO00144,334,24-02-2025,05-04-2025,In Transit
PO002622,SUP018,SKU00122,460,15-12-2023,27-12-2023,Delayed
PO002623,SUP002,SKU00194,230,27-07-2024,01-08-2024,In Transit
PO002624,SUP005,PRO00109,189,01-05-2025,28-05-2025,In Transit
PO002625,SUP013,ITM00043,471,19-08-2025,25-09-2025,Pending
PO002626,SUP005,PRO00155,225,28-03-2024,12-05-2024,In Transit
PO002627,SUP009,PROD00164,451,01-04-2024,27-04-2024,In Transit
PO002628,SUP014,PRO00037,194,23-08-2024,08-09-2024,Cancelled
PO002629,SUP008,SKU00140,336,09-08-2023,29-08-2023,Delayed
PO002630,SUP014,ITM00166,355,27-01-2023,27-02-2023,Pending
PO002631,SUP014,SKU00143,495,10-06-2024,17-07-2024,Cancelled
PO002632,SUP011,ITM00021,446,27-08-2023,10-10-2023,Delivered
PO002633,SUP023,PRO00161,509,12-06-2024,25-06-2024,Pending
PO002634,SUP005,PRO00097,170,17-10-2023,30-11-2023,In Transit
PO002635,SUP028,PRO00087,491,13-08-2024,10-09-2024,Delayed
PO002636,SUP023,PROD00123,217,09-04-2024,27-05-2024,In Transit
PO002637,SUP006,PROD00199,245,02/14/2024,20-03-2024,Pending
PO002638,SUP017,SKU00140,110,16-02-2025,25-03-2025,Pending
PO002639,SUP009,PRO00133,218,14-04-2025,23-04-2025,Delayed
PO002640,SUP003,PROD00008,153,,12-02-2024,Cancelled
PO002641,SUP009,PRO00064,432,16-03-2023,02-05-2023,In Transit
PO002642,SUP004,ITM00033,86,05-07-2025,27-07-2025,In Transit
PO002643,SUP021,PROD00008,458,10-08-2025,16-08-2025,In Transit
PO002644,SUP001,SKU00194,543,25-04-2024,11-05-2024,Cancelled
PO002645,SUP026,PRO00155,332,13-01-2023,03-02-2023,Delivered
PO002646,SUP010,PRO00109,113,12-01-2025,29-01-2025,Delayed
PO002647,SUP023,SKU00188,260,25-05-2023,12-06-2023,In Transit
PO002648,SUP003,ITM00158,93,08/23/2025,04-10-2025, Delivered 
PO002649,SUP018,PRO00074,227,05-01-2025,01-02-2025,Delayed
PO002650,SUP002,PRO00195,544,13-07-2023,24-08-2023,In Transit
PO002651,SUP001,SKU00009,192,01-05-2023,07-05-2023,Cancelled
PO002652,SUP018,PRO00100,375,25-11-2024,07-01-2025,Delayed
PO002653,SUP008,PRO00133,118,21-09-2024,16-10-2024,Delivered
PO002654,SUP005,ITM00015,444,23-04-2025,26-05-2025,Delivered
PO002655,SUP008,SKU00188,165,10-05-2023,23-05-2023,In Transit
PO002656,SUP024,SKU00154,304,03-11-2024,06-12-2024,In Transit
PO002657,SUP026,PROD00199,550,11-11-2024,28-12-2024,Cancelled
PO002658,SUP027,PROD00199,347,13-02-2024,25-02-2024,Cancelled
PO002659,SUP028,SKU00124,378,22-06-2024,12-07-2024,Delayed
PO002660,SUP009,PRO00104,540,19-01-2023,19-02-2023,Delayed
PO002661,SUP010,SKU00061,398,01-02-2024,06-02-2024,Cancelled
PO002662,SUP016,PROD00016,150,04-10-2023,06-11-2023,In Transit
PO002663,SUP024,PRO00030,465,27-05-2025,04-07-2025,Pending
PO002664,SUP030,ITM00040,351,26-01-2025,11-02-2025,Pending
PO002665,SUP009,ITM00065,207,06-09-2024,19-09-2024,In Transit
PO002666,SUP006,PROD00018,138,05-08-2023,16-09-2023,Delayed
PO002667,SUP007,SKU00072,478,19-11-2024,10-12-2024,Pending
PO002668,SUP019,PRO00144,484,14-06-2023,27-06-2023,In Transit
PO002669,SUP030,SKU00082,131,05-07-2024,12-07-2024,In Transit
PO002670,SUP022,PROD00147,166,20-03-2023,01-05-2023,In Transit
PO002671,SUP002,ITM00011,98,19-10-2023,06-12-2023,Pending
PO002672,SUP023,PRO00038,470,18-02-2024,17-03-2024,Cancelled
PO002673,SUP028,ITM00025,336,09-06-2025,03-07-2025,Delivered
PO002674,SUP020,SKU00093,517,10-09-2025,06-10-2025,Pending
PO002675,SUP014,PRO00038,175,29-09-2024,17-10-2024,Delivered
PO002676,SUP014,SKU00101,135,11-06-2023,22-07-2023,Cancelled
PO002677,SUP020,SKU00173,362,25-01-2025,04-02-2025,Pending
PO002678,SUP011,PRO00131,208,04-11-2023,12-02-2023,Delivered
PO002679,SUP017,PROD00165,53,20-03-2025,16-04-2025,Pending
PO002680,SUP007,ITM00135,102,17-03-2023,28-04-2023,Delivered
PO002681,SUP016,PROD00062,128,20-10-2024,05-11-2024,Delayed
PO002682,SUP012,PROD00018,477,07-12-2024,29-12-2024, Delivered 
PO002683,SUP017,SKU00190,550,20-07-2025,05-09-2025,Delivered
PO002684,SUP011,SKU00046,125,30-07-2024,18-09-2024,Delayed
PO002685,SUP004,PROD00117,203,16-01-2023,19-02-2023,Cancelled
PO002686,SUP011,SKU00031,311,07-04-2023,26-04-2023,Cancelled
PO002687,SUP013,PROD00044,115,31-03-2024,17-04-2024,Pending
PO002688,SUP007,PROD00182,345,29-03-2025,06-04-2025,In Transit
PO002689,SUP008,SKU00179,388,08-06-2025,14-07-2025,Delayed
PO002690,SUP023,PROD00075,255,26-02-2024,08-03-2024,In Transit
PO002691,SUP012,SKU00079,436,26-09-2025,27-10-2025,Delayed
PO002692,SUP001,ITM00166,522,04-06-2025,16-06-2025,Pending
PO002693,SUP028,PROD00024,227,18-01-2024,14-02-2024,Delayed
PO002694,SUP017,PROD00187,50,14-09-2023,07-10-2023,Delayed
PO002695,SUP027,PROD00160,514,23-04-2023,28-05-2023,Cancelled
PO002696,SUP004,SKU00130,548,13-04-2023,11-05-2023,Pending
PO002697,SUP006,PRO00030,58,08-08-2023,03-09-2023,In Transit
PO002698,SUP010,PROD00185,106,20-09-2025,01-11-2025,In Transit
PO002699,SUP005,PROD00018,182,10-06-2025,18-07-2025,Cancelled
PO002700,SUP020,PROD00160,369,25-08-2023,27-09-2023,Pending
PO002701,SUP030,SKU00098,332,16-08-2023,29-08-2023,In Transit
PO002702,SUP012,SKU00002,359,14-11-2023,27-11-2023,Cancelled
PO002703,SUP013,PROD00048,549,09-09-2023,06-10-2023,In Transit
PO002704,SUP022,ITM00139,156,21-08-2025,07-09-2025,Cancelled
PO002705,SUP005,PROD00107,60,01-08-2023,18-08-2023,Delivered
PO002706,SUP019,SKU00094,483,06-02-2025,02-03-2025,Delivered
PO002707,SUP009,ITM00111,459,17-03-2025,29-03-2025,Cancelled
PO002708,SUP027,PROD00178,287,19-05-2024,06-08-2024,Pending
PO002709,SUP014,PROD00044,497,02-09-2025,07-10-2025,Delivered
PO002710,SUP024,ITM00128,293,05-11-2023,21-12-2023,Pending
PO002711,SUP005,SKU00031,283,14-02-2024,24-02-2024,Delivered
PO002712,SUP001,ITM00113,459,29-01-2023,10-02-2023,Cancelled
PO002713,SUP024,PRO00085,81,06-05-2023,14-06-2023,Delivered
PO002714,SUP030,PRO00144,407,05-02-2024,23-02-2024,Pending
PO002715,SUP008,PRO00053,383,07-11-2023,03-12-2023,Delivered
PO002716,SUP006,PRO00037,314,23-08-2024,03-10-2024,In Transit
PO002717,SUP018,ITM00113,258,18-03-2023,24-03-2023,Cancelled
PO002718,SUP029,PRO00198,396,05-05-2025,15-05-2025,In Transit
PO002719,SUP001,PRO00193,518,19-11-2023,26-11-2023,Pending
PO002720,SUP027,PRO00029,548,25-01-2025,16-02-2025,Delivered
PO002721,SUP011,PROD00192,50,06-09-2024,28-09-2024,Delivered
PO002722,SUP016,SKU00181,321,07-02-2024,12-03-2024,Pending
PO002723,SUP023,PRO00039,494,11-09-2023,28-09-2023,Delivered
PO002724,SUP019,PROD00051,269,31-07-2023,27-08-2023,
PO002725,SUP028,SKU00138,332,23-11-2023,22-12-2023,In Transit
PO002726,SUP013,ITM00110,154,22-12-2024,30-01-2025,In Transit
PO002727,SUP027,PROD00174,260,18-01-2025,01-03-2025,In Transit
PO002728,SUP014,SKU00098,544,01-09-2024,17-10-2024,Cancelled
PO002729,SUP005,PROD00184,448,12-07-2024,29-07-2024,Pending
PO002730,SUP029,PRO00119,513,07-07-2025,26-08-2025,Cancelled
PO002731,SUP022,PRO00074,245,11-11-2024,26-12-2024,Pending
PO002732,SUP021,SKU00079,,21-09-2025,26-10-2025,Delivered
PO002733,SUP027,PRO00030,498,19-05-2024,14-06-2024,Delivered
PO002734,SUP018,ITM00134,506,20-02-2023,14-03-2023,Pending
PO002735,SUP018,PRO00081,167,29-08-2025,07-10-2025,Pending
PO002736,SUP028,PROD00106,,24-08-2025,02-09-2025,In Transit
PO002737,SUP017,SKU00169,406,06-01-2023,23-02-2023,Cancelled
PO002738,SUP008,PRO00076,243,30-08-2024,13-09-2024,In Transit
PO002739,SUP017,PRO00095,82,24-09-2023,11-11-2023,Cancelled
PO002740,SUP003,ITM00126,316,19-09-2023,10-10-2023,In Transit
PO002741,SUP018,ITM00158,480,30-06-2024,08-08-2024,In Transit
PO002742,SUP002,PROD00075,207,05-03-2023,30-03-2023,Pending
PO002743,SUP006,PROD00136,217,13-10-2023,23-10-2023,In Transit
PO002744,SUP027,PROD00132,492,14-07-2025,29-08-2025,Cancelled
PO002745,SUP030,PRO00133,68,28-07-2023,14-09-2023,
PO002746,SUP018,ITM00011,255,14-04-2023,13-05-2023,Delivered
PO002747,SUP028,PRO00151,114,17-05-2024,05/26/2024,Cancelled
PO002748,SUP018,PROD00185,508,10-06-2025,08-07-2025,Cancelled
PO002749,SUP001,ITM00175,417,18-04-2023,04-06-2023,Pending
PO002750,SUP022,PROD00008,102,11-01-2023,09-02-2023,Delayed
PO002751,SUP001,PROD00004,126,04-09-2024,02-10-2024,
PO002752,SUP014,PRO00055,266,07-01-2025,15-01-2025,In Transit
PO002753,SUP024,ITM00091,62,27-06-2023,09-07-2023,Delivered
PO002754,SUP003,SKU00054,203,14-12-2024,30-12-2024,In Transit
PO002755,SUP013,SKU00086,282,05-07-2025,20-07-2025,Pending
PO002756,SUP002,SKU00098,534,07-05-2025,10-06-2025,Cancelled
PO002757,SUP003,SKU00086,387,12-08-2023,27-08-2023,Pending
PO002758,SUP012,PRO00097,338,,16-06-2024,Delivered
PO002759,SUP015,ITM00043,525,02-04-2023,24-04-2023,Delivered
PO002760,SUP021,PROD00125,123,11-07-2023,04-08-2023,Pending
PO002761,SUP019,SKU00089,465,24-12-2024,06-02-2025,In Transit
PO002762,SUP017,PROD00167,111,10-10-2023,27-11-2023,Delivered
PO002763,SUP014,ITM00126,167,11-11-2024,28-12-2024,Cancelled
PO002764,SUP010,SKU00173,78,10-09-2024,02-10-2024,In Transit
PO002765,SUP002,PROD00049,515,21-10-2024,11/18/2024,Delivered
PO002766,SUP012,SKU00079,71,06-09-2023,11-09-2023,Delivered
PO002767,SUP009,ITM00050,385,30-01-2025,28-02-2025,In Transit
PO002768,SUP030,PROD00147,121,20-03-2024,28-03-2024,In Transit
PO002769,SUP030,PRO00131,318,18-01-2024,12-02-2024,Cancelled
PO002770,SUP022,PRO00115,430,05-07-2024,16-08-2024,Pending
PO002771,SUP024,ITM00166,457,25-02-2024,01-03-2024,Delayed
PO002772,SUP017,PRO00068,91,08-02-2024,29-02-2024,Delayed
PO002773,SUP002,PROD00125,315,27-03-2024,15-05-2024,
PO002774,SUP017,ITM00043,520,06-04-2023,17-04-2023,Pending
PO002775,SUP025,ITM00033,85,27-07-2025,05-09-2025,Delayed
PO002776,SUP014,PRO00014,270,01-01-2023,31-01-2023,Pending
PO002777,SUP021,PRO00022,387,01-09-2025,12-09-2025,Cancelled
PO002778,SUP014,PROD00024,479,12-08-2024,21-09-2024,In Transit
PO002779,SUP012,ITM00128,220,24-06-2025,31-07-2025,Cancelled
PO002780,SUP009,SKU00079,63,27-08-2025,10-09-2025,Delivered
PO002781,SUP019,PRO00131,385,04-09-2025,19-09-2025,Cancelled
PO002782,SUP003,SKU00179,431,06-01-2024,24-01-2024,Delivered
PO002783,SUP008,PRO00012,134,22-03-2023,20-04-2023,Delivered
PO002784,SUP028,PROD00121,235,18-09-2024,03-11-2024,Pending
PO002785,SUP018,SKU00173,478,02-03-2024,04/19/2024,
PO002786,SUP025,SKU00140,280,23-04-2025,26-05-2025,In Transit
PO002787,SUP010,ITM00043,282,15-08-2024,04-09-2024,Delivered
PO002788,SUP029,PRO00007,321,28-01-2023,02-02-2023,Delayed
PO002789,SUP002,ITM00099,266,24-02-2023,16-03-2023,Delivered
PO002790,SUP008,PRO00032,487,13-09-2025,25-09-2025,Delayed
PO002791,SUP024,PROD00049,150,04-04-2023,08-05-2023,Pending
PO002792,SUP012,PRO00012,208,09-05-2025,05-06-2025,Pending
PO002793,SUP005,PROD00024,171,09-06-2024,07/29/2024,Delivered
PO002794,SUP029,PROD00165,474,14-09-2023,17-10-2023,Delivered
PO002795,SUP024,SKU00067,351,26-08-2025,04-09-2025,In Transit
PO002796,SUP017,SKU00116,109,19-07-2025,23-08-2025,Delayed
PO002797,SUP014,SKU00026,209,18-06-2023,16-07-2023,Delivered
PO002798,SUP026,PRO00032,185,07-07-2025,02-08-2025,Pending
PO002799,SUP022,ITM00034,190,31-10-2024,18-12-2024,Delayed
PO002800,SUP025,PROD00006,,30-10-2023,03-12-2023,Delayed
PO002801,SUP021,PRO00151,212,25-06-2023,25-07-2023, Delivered
PO002802,SUP023,PROD00167,410,16-10-2023,05-11-2023,Cancelled
PO002803,SUP018,PROD00016,548,16-09-2023,29-09-2023,Cancelled
PO002804,SUP004,SKU00179,342,02-12-2024,23-12-2024,In Transit
PO002805,SUP022,PROD00191,495,05-03-2025,14-03-2025,Delivered
PO002806,SUP012,SKU00054,305,17-08-2025,10-09-2025,Cancelled
PO002807,SUP018,PROD00164,400,22-08-2023,10-10-2023,Cancelled
PO002808,SUP009,ITM00040,,06-05-2025,28-05-2025,Delivered
PO002809,SUP023,SKU00181,399,20-03-2023,08-04-2023,Delayed
PO002810,SUP020,PROD00044,428,16-08-2023,23-09-2023,Delayed
PO002811,SUP023,PRO00013,131,28-05-2023,12-06-2023,In Transit
PO002812,SUP025,PRO00195,118,12-08-2024,29-09-2024,Delayed
PO002813,SUP019,ITM00034,279,08-05-2025,19-05-2025,Delayed
PO002814,SUP003,ITM00043,289,03-12-2024,16-01-2025,Pending
PO002815,SUP030,SKU00057,212,28-01-2025,17-03-2025,Delivered
PO002816,SUP003,ITM00071,394,22-10-2024,08-12-2024,Pending
PO002817,SUP024,PROD00044,170,17-08-2025,12-09-2025,Cancelled
PO002818,SUP018,PROD00192,472,17-05-2024,23-05-2024,In Transit
PO002819,SUP003,PRO00060,102,26-01-2023,28-02-2023,In Transit
PO002820,SUP025,SKU00143,178,02-04-2023,13-05-2023,Cancelled
PO002821,SUP028,PROD00177,374,19-09-2023,03-10-2023,Delivered
PO002822,SUP018,PROD00006,258,26-02-2023,03-03-2023,Pending
PO002823,SUP028,SKU00141,547,06-11-2024,02-12-2024,In Transit
PO002824,SUP018,PRO00150,127,07-01-2025,20-01-2025,In Transit
PO002825,SUP028,PROD00062,258,03-11-2024,21-11-2024,Cancelled
PO002826,SUP023,PRO00137,525,10-06-2025,27-07-2025,Delivered
PO002827,SUP009,PROD00178,487,14-06-2023,20-07-2023,Cancelled
PO002828,SUP006,PRO00039,323,14-07-2024,07-08-2024,Cancelled
PO002829,SUP001,PROD00049,533,22-06-2023,21-07-2023,Delayed
PO002830,SUP017,PROD00018,336,05-02-2024,13-03-2024,Pending
PO002831,SUP013,PROD00174,81,28-08-2024,02-09-2024,In Transit
PO002832,SUP020,SKU00122,270,08-08-2025,24-09-2025,Cancelled
PO002833,SUP013,PROD00136,269,04-01-2024,13-02-2024,In Transit
PO002834,SUP006,ITM00134,472,06-07-2023,27-07-2023,Delayed
PO002835,SUP018,PRO00156,78,26-01-2025,14-02-2025,Cancelled
PO002836,SUP023,PRO00161,217,25-05-2024,31-05-2024,Cancelled
PO002837,SUP030,ITM00023,469,14-12-2024,01-02-2025,Delayed
PO002838,SUP006,ITM00176,212,13-01-2025,20-02-2025,In Transit
PO002839,SUP012,PROD00045,228,10-01-2025,22-02-2025,Cancelled 
PO002840,SUP027,SKU00196,314,11-04-2024,28-05-2024,Delivered
PO002841,SUP008,PRO00014,117,15-05-2024,10-06-2024,Delivered
PO002842,SUP009,PROD00090,263,29-04-2023,16-06-2023,Pending
PO002843,SUP020,SKU00082,514,31-05-2023,30-06-2023,Pending
PO002844,SUP009,PROD00016,262,06-07-2024,03-07-2024,Pending
PO002845,SUP025,PROD00136,425,10-01-2024,26-02-2024,Delayed
PO002846,SUP003,PROD00024,382,13-08-2023,25-08-2023,In Transit
PO002847,SUP019,PROD00117,341,23-09-2025,17-10-2025,Delivered
PO002848,SUP009,PRO00055,428,03-01-2023,12-02-2023,Cancelled
PO002849,SUP002,SKU00120,237,15-11-2024,25-11-2024,Delivered
PO002850,SUP007,PROD00177,365,11-08-2024,20-08-2024,Delayed
PO002851,SUP015,ITM00036,470,31-12-2023,09-02-2024,Delayed
PO002852,SUP008,PROD00145,511,05-12-2024,19-12-2024,Pending
PO002853,SUP004,SKU00079,475,27-02-2025,15-04-2025,Delivered
PO002854,SUP029,PRO00155,72,25-08-2025,13-10-2025,Cancelled
PO002855,SUP026,SKU00072,321,21-05-2023,07-07-2023,Cancelled
PO002856,SUP019,PRO00183,548,30-11-2023,05-12-2023,Cancelled
PO002857,SUP021,ITM00058,526,21-08-2025,27-09-2025,Delayed
PO002858,SUP003,ITM00112,50,07-07-2025,25-07-2025,In Transit
PO002859,SUP026,SKU00002,160,24-04-2023,05/13/2023,Delayed
PO002860,SUP011,PROD00121,349,17-04-2023,25-05-2023,Pending
PO002861,SUP012,SKU00072,442,02-12-2024,11-12-2024,Cancelled
PO002862,SUP027,SKU00179,242,04-05-2023,13-06-2023,Pending
PO002863,SUP020,PROD00192,111,20-09-2024,05-10-2024,Delivered
PO002864,SUP022,ITM00023,397,08-03-2023,18-04-2023,Pending
PO002865,SUP003,SKU00103,393,27-05-2025,07-07-2025,Delayed
PO002866,SUP022,SKU00143,539,08-01-2023,22-01-2023,Cancelled
PO002867,SUP006,PROD00125,549,29-03-2023,21-04-2023,Delivered
PO002868,SUP028,ITM00033,390,06-02-2025,28-03-2025,
PO002869,SUP008,PRO00146,545,21-01-2024,19-02-2024,Cancelled
PO002870,SUP028,ITM00015,183,23-08-2024,29-09-2024,Pending
PO002871,SUP003,SKU00026,174,21-04-2023,06-06-2023,Cancelled
PO002872,SUP018,PROD00191,104,11-01-2025,04-02-2025,Cancelled
PO002873,SUP002,SKU00101,484,14-12-2023,01-01-2024,Delivered
PO002874,SUP020,PRO00038,169,04-06-2024,01-07-2024,Delivered
PO002875,SUP007,SKU00046,332,15-01-2023,29-01-2023,Delivered
PO002876,SUP020,PRO00074,51,06-06-2024,07-07-2024,Delivered
PO002877,SUP028,PRO00097,245,08-04-2023,17-05-2023,Delivered
PO002878,SUP007,SKU00101,79,13-08-2024,22-08-2024,Delivered
PO002879,SUP026,SKU00009,533,10-02-2024,29-03-2024,Pending
PO002880,SUP003,SKU00002,343,28-09-2024,19-10-2024,
PO002881,SUP007,SKU00141,404,23-08-2025,05-10-2025,Delayed
PO002882,SUP001,SKU00170,201,25-02-2024,03-03-2024, Pending 
PO002883,SUP030,PRO00005,194,10-12-2023,24-01-2024,Delivered
PO002884,SUP005,SKU00140,203,26-07-2024,16-08-2024,Delivered
PO002885,SUP026,PROD00132,314,22-01-2024,10-02-2024,Pending
PO002886,SUP009,PRO00019,92,19-12-2024,23-01-2025,Pending
PO002887,SUP001,ITM00128,492,21-04-2025,02-05-2025,Delivered
PO002888,SUP009,PROD00171,379,05-07-2023,14-07-2023,Pending
PO002889,SUP006,PROD00084,74,25-05-2023,04-07-2023,Delayed
PO002890,SUP029,PROD00048,260,10-06-2025,27-07-2025,Cancelled
PO002891,SUP004,SKU00041,362,27-01-2023,28-02-2023,Delivered
PO002892,SUP001,SKU00181,417,26-10-2023,11-12-2023,Delayed
PO002893,SUP018,PROD00171,154,06-03-2024,02-04-2024,Delayed
PO002894,SUP015,PROD00075,158,18-10-2023,30-10-2023,In Transit
PO002895,SUP010,PRO00146,528,04-01-2025,15-02-2025,In Transit
PO002896,SUP010,PRO00095,274,06-04-2025,28-04-2025,In Transit
PO002897,SUP002,PRO00078,117,18-07-2024,02-08-2024,Delayed
PO002898,SUP010,SKU00141,101,07-10-2024,12-11-2024,Delayed
PO002899,SUP014,PRO00028,54,04-11-2023,16-11-2023,
PO002900,SUP002,PRO00022,308,18-02-2025,05-03-2025,Pending
PO002901,SUP026,ITM00112,383,25-07-2023,17-08-2023,Pending
PO002902,SUP006,ITM00043,136,27-04-2023,26-05-2023,In Transit
PO002903,SUP013,ITM00070,164,21-10-2024,01-11-2024,Cancelled
PO002904,SUP008,SKU00173,338,13-05-2023,20-06-2023,Delivered
PO002905,SUP016,PRO00115,532,04-08-2023,21-08-2023,Delayed
PO002906,SUP009,PROD00084,91,05-06-2024,30-06-2024,Delivered
PO002907,SUP014,ITM00158,86,31-01-2023,16-03-2023,Delivered
PO002908,SUP025,PROD00051,275,04-08-2024,11-08-2024,Cancelled
PO002909,SUP030,PROD00073,200,12-06-2023,21-07-2023,Delayed
PO002910,SUP021,PRO00162,256,13-05-2024,06-06-2024,Delayed
PO002911,SUP030,PRO00119,415,26-01-2024,07-02-2024,Pending
PO002912,SUP006,SKU00179,521,04-04-2024,09-05-2024,Pending
PO002913,SUP009,ITM00050,158,25-04-2024,02-05-2024,Delivered
PO002914,SUP029,PROD00049,541,04-08-2025,21-08-2025,Delayed
PO002915,SUP024,PROD00174,390,03-03-2023,07-04-2023,Delivered
PO002916,SUP019,PROD00018,142,04-07-2024,23-07-2024,Cancelled
PO002917,SUP026,PROD00107,59,29-11-2024,06-12-2024,Delayed
PO002918,SUP030,SKU00061,467,29-10-2023,11-12-2023,In Transit
PO002919,SUP002,ITM00021,159,20-04-2023,29-04-2023,Pending
PO002920,SUP008,PRO00109,117,22-03-2025,10-04-2025,Delivered
PO002921,SUP018,PROD00090,295,11-09-2024,23-10-2024,Delayed
PO002922,SUP023,SKU00093,152,26-08-2025,03-10-2025,Pending
PO002923,SUP020,PRO00032,132,28-02-2023,09-04-2023,Delayed
PO002924,SUP010,PROD00108,433,06-08-2025,16-08-2025,Cancelled
PO002925,SUP017,ITM00077,275,01-09-2025,05-10-2025,Cancelled
PO002926,SUP019,PROD00174,197,11-11-2023,29-12-2023,Delayed
PO002927,SUP025,PROD00167,273,26-08-2025,16-09-2025,Cancelled
PO002928,SUP025,PROD00199,529,05-08-2024,16-09-2024,Delayed
PO002929,SUP014,SKU00098,409,07-02-2025,14-02-2025,Delivered
PO002930,SUP006,PROD00051,522,05-08-2023,22-09-2023,Delayed
PO002931,SUP014,SKU00061,482,28-12-2024,04-01-2025,In Transit
PO002932,SUP006,PRO00085,65,18-05-2025,06-06-2025,Delayed
PO002933,SUP001,ITM00114,312,01/25/2024,18-02-2024,In Transit
PO002934,SUP005,PROD00185,452,20-06-2023,28-06-2023,Pending
PO002935,SUP017,SKU00009,518,15-11-2023,23-11-2023,Delivered
PO002936,SUP023,ITM00110,69,06-04-2023,29-04-2023,Pending
PO002937,SUP025,PROD00164,544,29-01-2023,12-03-2023,Cancelled
PO002938,SUP009,ITM00127,290,26-03-2024,12-05-2024,Delivered
PO002939,SUP008,PROD00165,323,13-03-2023,21-04-2023, Delayed 
PO002940,SUP001,SKU00197,186,17-03-2023,20-04-2023,Delivered
PO002941,SUP020,PROD00090,516,24-09-2025,11-10-2025,Delivered
PO002942,SUP009,ITM00113,138,,06-01-2024,Cancelled
PO002943,SUP023,ITM00043,170,17-01-2024,29-01-2024,Delayed
PO002944,SUP020,PRO00109,,30-05-2023,04-06-2023,Delivered
PO002945,SUP001,PROD00125,121,17-04-2025,27-05-2025,Pending
PO002946,SUP027,PRO00146,412,11-12-2024,23-01-2025,Delayed
PO002947,SUP016,ITM00065,513,18-07-2023,01-08-2023,Cancelled
PO002948,SUP005,SKU00186,550,24-04-2025,29-04-2025,Delayed
PO002949,SUP008,PRO00022,194,13-11-2024,19-12-2024,Delivered
PO002950,SUP004,PROD00174,242,10-02-2025,11-03-2025,Delivered
PO002951,SUP021,PROD00199,140,22-05-2023,03-07-2023,Cancelled
PO002952,SUP018,PRO00109,518,07-04-2024,04-05-2024,Delayed
PO002953,SUP005,ITM00112,235,06-11-2024,18-11-2024,Pending
PO002954,SUP017,ITM00043,380,24-03-2025,02-05-2025,Cancelled
PO002955,SUP008,PRO00151,474,27-05-2023,30-06-2023,Delayed
PO002956,SUP025,PROD00117,229,12-12-2024,13-01-2025,Delivered
PO002957,SUP019,SKU00020,541,26-06-2023,01-07-2023,In Transit
PO002958,SUP029,SKU00072,207,23-08-2025,23-09-2025,Cancelled
PO002959,SUP015,PROD00106,51,05-02-2025,12-03-2025,Delayed
PO002960,SUP019,SKU00138,539,13-05-2025,26-06-2025,In Transit
PO002961,SUP008,SKU00103,220,07-02-2025,28-02-2025,Pending
PO002962,SUP027,PRO00012,278,10-03-2024,16-03-2024,In Transit
PO002963,SUP015,ITM00096,,08/21/2025,10-09-2025,Cancelled
PO002964,SUP026,ITM00112,283,13-05-2023,10-06-2023,Delivered
PO002965,SUP013,PROD00121,230,07-08-2025,21-08-2025,Cancelled
PO002966,SUP005,PRO00148,124,17-09-2024,17-10-2024,Cancelled
PO002967,SUP030,PROD00191,550,27-10-2024,09-11-2024, Pending
PO002968,SUP013,PROD00084,399,10-01-2025,25-01-2025,Cancelled
PO002969,SUP026,PRO00137,148,06-05-2025,11-06-2025,In Transit
PO002970,SUP004,SKU00118,447,06-06-2023,24-07-2023,Delayed
PO002971,SUP012,PROD00106,133,22-07-2025,03-08-2025, Delivered 
PO002972,SUP028,PRO00146,65,23-11-2024,12-12-2024,Pending
PO002973,SUP012,PRO00039,416,16-07-2023,18-08-2023,Pending
PO002974,SUP009,PROD00018,301,15-05-2023,16-06-2023,Cancelled
PO002975,SUP001,PROD00187,342,29-06-2024,21-07-2024,Pending
PO002976,SUP005,SKU00179,146,14-11-2024,05-12-2024,In Transit
PO002977,SUP014,SKU00118,410,16-02-2025,21-03-2025,Delayed
PO002978,SUP012,PRO00013,124,25-02-2024,11-04-2024,In Transit
PO002979,SUP021,PROD00171,494,03-06-2024,08-07-2024,In Transit
PO002980,SUP021,SKU00098,145,24-07-2024,04-08-2024,In Transit
PO002981,SUP014,SKU00197,155,25-09-2025,13-10-2025,Pending
PO002982,SUP028,SKU00035,388,05-02-2024,19-03-2024,In Transit
PO002983,SUP021,ITM00063,243,27-06-2024,17-07-2024,Cancelled
PO002984,SUP002,SKU00190,69,05-09-2024,23-09-2024,Delivered
PO002985,SUP019,PRO00162,192,22-08-2024,01-10-2024,Delayed
PO002986,SUP026,PRO00150,58,07-06-2024,19-06-2024,Pending
PO002987,SUP030,PROD00117,502,04-07-2024,23-07-2024,Cancelled
PO002988,SUP012,ITM00091,532,13-06-2024,08-07-2024,In Transit
PO002989,SUP016,ITM00091,278,21-01-2025,11-03-2025,In Transit
PO002990,SUP001,SKU00159,547,,24-09-2023,Pending
PO002991,SUP020,ITM00189,433,13-12-2024,06-01-2025,Delayed
PO002992,SUP021,ITM00023,429,11-06-2024,22-07-2024,In Transit
PO002993,SUP027,PRO00053,268,29-05-2023,17-07-2023,Delayed
PO002994,SUP013,PRO00100,100,21-07-2024,29-07-2024,Pending
PO002995,SUP025,PRO00037,210,,26-05-2025,Delivered
PO002996,SUP002,SKU00093,134,04-02-2024,28-02-2024,Cancelled
PO002997,SUP006,ITM00111,384,20-11-2023,07-01-2024,In Transit
PO002998,SUP030,PRO00039,62,24-05-2023,02-07-2023,Delayed
PO002999,SUP013,PRO00010,216,28-06-2025,05-08-2025,Pending
PO003000,SUP018,SKU00140,550,06-11-2023,16-12-2023,Delivered
